name,gender
Abel,Masc
Abelardo,Masc
Abner,Masc
Abraão,Masc
Absalom,Masc
Absirto,Masc
Abstêmio,Masc
Abud,Masc
Abundâncio,Masc
Abúndio,Masc
Acabe,Masc
Acace,Masc
Acaco,Masc
Academos,Masc
Acaiah,Masc
Acanto,Masc
Acarnane,Masc
Acates,Masc
Acaz,Masc
Accioli,Masc
Acelino,Masc
Acelo,Masc
Acemiro,Masc
Achille,Masc
Acilino,Masc
Acineto,Masc
Acir,Masc
Acis,Masc
Acrísio,Masc
Acsa,Masc
Acteão,Masc
Acácio,Masc
Acúrcio,Masc
Acúrio,Masc
Acúrsio,Masc
Adah,Masc
Adair,Masc
Adalard,Masc
Adalberon,Masc
Adalberto,Masc
Adalelmo,Masc
Adalfredo,Masc
Adaliah,Masc
Adalmiro,Masc
Adalrico,Masc
Adalton,Masc
Adalvino,Masc
Adam,Masc
Adamantino,Masc
Adamanto,Masc
Adamastor,Masc
Adamir,Masc
Adamo,Masc
Adams,Masc
Adari,Masc
Adauto,Masc
Adel,Masc
Adelbar,Masc
Adelelmo,Masc
Adelfo,Masc
Adelino,Masc
Adelmar,Masc
Adelmarino,Masc
Adelmiro,Masc
Adelmo,Masc
Adelpho,Masc
Adeltrudes,Masc
Ademar,Masc
Ademir,Masc
Aderaldo,Masc
Aderbal,Masc
Aderico,Masc
Adib,Masc
Adiel,Masc
Adigênio,Masc
Adir,Masc
Adjuto,Masc
Adlai,Masc
Adler,Masc
Admeto,Masc
Admin,Masc
Ado,Masc
Adolar,Masc
Adolfo,Masc
Adolphus,Masc
Adom,Masc
Adonai,Masc
Adonias,Masc
Adoniram,Masc
Adoniran,Masc
Adramalec,Masc
Adrian,Masc
Adriano,Masc
Adriel,Masc
Adrien,Masc
Adroaldo,Masc
Adrovaldo,Masc
Adão,Masc
Adélio,Masc
Adílio,Masc
Adílson,Masc
Adônis,Masc
Afif,Masc
Afonso,Masc
Africano,Masc
Afrodísio,Masc
Afrânio,Masc
Agabo,Masc
Agamedes,Masc
Agamenon,Masc
Agapanto,Masc
Agapenor,Masc
Agasias,Masc
Agatocles,Masc
Agelau,Masc
Agenor,Masc
Agesilau,Masc
Ageu,Masc
Agildo,Masc
Agilulfo,Masc
Agis,Masc
Aglaio,Masc
Aglaupo,Masc
Agledes,Masc
Agliberto,Masc
Agnaldo,Masc
Agnato,Masc
Agnelo,Masc
Agostinho,Masc
Agostino,Masc
Agripino,Masc
Agrécio,Masc
Aguilar,Masc
Aguimar,Masc
Aguinaldo,Masc
Aguirre,Masc
Agustin,Masc
Agustine,Masc
Agápio,Masc
Agílio,Masc
Ahmad,Masc
Aidil,Masc
Aidoneus,Masc
Aiko,Masc
Ailson,Masc
Aimberê,Masc
Aimon,Masc
Aimoré,Masc
Aimão,Masc
Aires,Masc
Airton,Masc
Airy,Masc
Airão,Masc
Ajagunã,Masc
Ajax,Masc
Ajuricaba,Masc
Aka,Masc
Akamu,Masc
Akira,Masc
Al-Samir,Masc
Alabá,Masc
Aladim,Masc
Aladino,Masc
Alain,Masc
Alair,Masc
Alam,Masc
Alan,Masc
Alano,Masc
Alaor,Masc
Alapaki,Masc
Alarico,Masc
Alaúde,Masc
Albano,Masc
Albarino,Masc
Albatênio,Masc
Alberico,Masc
Albert,Masc
Albertino,Masc
Alberto,Masc
Albino,Masc
Albion,Masc
Alboino,Masc
Albornoz,Masc
Albuim,Masc
Albuquerque,Masc
Albílio,Masc
Alcandro,Masc
Alcebíades,Masc
Alcer,Masc
Alceste,Masc
Alceu,Masc
Alcibíades,Masc
Alcidamo,Masc
Alcidano,Masc
Alcido,Masc
Alcindo,Masc
Alcino,Masc
Alcioneu,Masc
Alcião,Masc
Alcídes,Masc
Alcímene,Masc
Aldegunde,Masc
Aldemiro,Masc
Alderico,Masc
Aldir,Masc
Aldo,Masc
Aldomiro,Masc
Aldonca,Masc
Aleardo,Masc
Alebion,Masc
Alec,Masc
Aleixo,Masc
Alejandro,Masc
Alencar,Masc
Alencastro,Masc
Aleo,Masc
Alepeleko,Masc
Alessandro,Masc
Alex,Masc
Alexander,Masc
Alexandre,Masc
Alexandrino,Masc
Alexino,Masc
Alfa,Masc
Alfeno,Masc
Alfeu,Masc
Alfio,Masc
Alfonso,Masc
Alfred,Masc
Alfredo,Masc
Algar,Masc
Ali,Masc
Alienor,Masc
Alistair,Masc
Aliyah,Masc
Allan,Masc
Allan-Kardec,Masc
Almasor,Masc
Almeida,Masc
Almir,Masc
Almirante,Masc
Almiro,Masc
Almáquio,Masc
Almério,Masc
Alonso,Masc
Aloís,Masc
Aloísio,Masc
Altino,Masc
Aluísio,Masc
Alécio,Masc
Alípio,Masc
Alírio,Masc
Amadeu,Masc
Amador,Masc
Amiel,Masc
Amim,Masc
Amin,Masc
Amino,Masc
Amintas,Masc
Amintor,Masc
Amir,Masc
Amon,Masc
Amonati,Masc
Amorim,Masc
Amorreu,Masc
Amparo,Masc
Ampliato,Masc
Ampélio,Masc
Amâncio,Masc
Amândio,Masc
Américo,Masc
Amílcar,Masc
Amós,Masc
Anacleto,Masc
Anacreonte,Masc
Anael,Masc
Anand,Masc
Anando,Masc
Ananias,Masc
Anastasius,Masc
Anastácio,Masc
Anatole,Masc
Anatólio,Masc
Anaxarco,Masc
Anaxágoras,Masc
Anceu,Masc
Anchieta,Masc
Anco,Masc
Andersen,Masc
Anderson,Masc
Andomar,Masc
Andrade,Masc
Andras,Masc
Andreoli,Masc
Andrew,Masc
Andreza,Masc
Andrzej,Masc
André,Masc
Andrômico,Masc
Andrônico,Masc
Andócides,Masc
Angélico,Masc
Aniceto,Masc
Anor,Masc
Anquises,Masc
Ansaldo,Masc
Ansberto,Masc
Anselm,Masc
Anselmino,Masc
Anselmo,Masc
Ansur,Masc
Antal,Masc
Antar,Masc
Antelmo,Masc
Antenor,Masc
Antenore,Masc
Antero,Masc
Anteu,Masc
Anthony,Masc
Anticiro,Masc
Antigowa,Masc
Antimáco,Masc
Antistenes,Masc
Anto,Masc
Antoine,Masc
Anton,Masc
Antoniano,Masc
Antonin,Masc
Antonino,Masc
Antunes,Masc
Antálcidas,Masc
Antã,Masc
Antão,Masc
Antêmio,Masc
Antídio,Masc
Antíloco,Masc
Antíoco,Masc
Antíope,Masc
Antípara,Masc
Antítio,Masc
Antônio,Masc
Anuar,Masc
Anápio,Masc
Anésio,Masc
Aníbal,Masc
Anúbis,Masc
Aodh,Masc
Aparecido,Masc
Aparício,Masc
Apeles,Masc
Apelis,Masc
Apiúna,Masc
Apoema,Masc
Apoinar,Masc
Apolinaire,Masc
Apolino,Masc
Apolinário,Masc
Apollinairis,Masc
Apollinare,Masc
Apolline,Masc
Apollon,Masc
Apolo,Masc
Apolodoro,Masc
Apolonios,Masc
Apolínio,Masc
Apolônio,Masc
Aprígio,Masc
Apuana,Masc
Apício,Masc
Aquias,Masc
Aquiles,Masc
Aquilão,Masc
Aquino,Masc
Aquílio,Masc
Aracaê,Masc
Aracê,Masc
Araguaci,Masc
Araguarino,Masc
Aragão,Masc
Arajuba,Masc
Aramis,Masc
Aran,Masc
Arantes,Masc
Araponga,Masc
Arapuã,Masc
Araquém,Masc
Arari,Masc
Araribóia,Masc
Araripe,Masc
Araruna,Masc
Ararê,Masc
Aratama,Masc
Arati,Masc
Araí,Masc
Araíba,Masc
Araípe,Masc
Araújo,Masc
Arco-Verde,Masc
Arcádio,Masc
Arcângelo,Masc
Arden,Masc
Arduíno,Masc
Argaios,Masc
Argemiro,Masc
Argentino,Masc
Argeu,Masc
Argos,Masc
Ari,Masc
Ariano,Masc
Ariberto,Masc
Ariel,Masc
Arildo,Masc
Arinos,Masc
Arion,Masc
Arionte,Masc
Ariosto,Masc
Ariovaldo,Masc
Aristarco,Masc
Aristeu,Masc
Aristides,Masc
Aristodemo,Masc
Aristodemos,Masc
Aristágoras,Masc
Aristóbulo,Masc
Aristócles,Masc
Aristófanes,Masc
Aristófilo,Masc
Aristóteles,Masc
Arkadius,Masc
Arkell,Masc
Arlindo,Masc
Armand,Masc
Armando,Masc
Armim,Masc
Armindo,Masc
Armênio,Masc
Armínio,Masc
Arnaldo,Masc
Arnoldo,Masc
Arnolfo,Masc
Arnon,Masc
Arns,Masc
Arnulfo,Masc
Arnóbio,Masc
Aronne,Masc
Arouche,Masc
Arquelau,Masc
Arquibaldo,Masc
Arquimedes,Masc
Arrais,Masc
Arrigo,Masc
Arruda,Masc
Arsênio,Masc
Arthur,Masc
Artur,Masc
Artêmio,Masc
Arvídio,Masc
Ary,Masc
Arátor,Masc
Arão,Masc
Arésio,Masc
Aríston,Masc
Asa,Masc
Asael,Masc
Asafe,Masc
Ascânio,Masc
Asdrúbal,Masc
Asenate,Masc
Asileu,Masc
Asma,Masc
Aspásio,Masc
Assaradon,Masc
Assis,Masc
Assuero,Masc
Assunção,Masc
Assur,Masc
Astaroth,Masc
Aster,Masc
Astor,Masc
Astrid,Masc
Astride,Masc
Astrogildo,Masc
Astêmio,Masc
Atamante,Masc
Atanagildo,Masc
Atanásio,Masc
Ataulfo,Masc
Ataíde,Masc
Ateneu,Masc
Athos,Masc
Atiço,Masc
Atlas,Masc
Atos,Masc
Atreu,Masc
Atílio,Masc
Augustine,Masc
Augustinho,Masc
Augusto,Masc
Aukanaii,Masc
Aureliano,Masc
Aury,Masc
Aurélio,Masc
Austregésilo,Masc
Avaré,Masc
Avati,Masc
Avelar,Masc
Avis,Masc
Axel,Masc
Ayala,Masc
Ayrton,Masc
Azael,Masc
Azair,Masc
Azarias,Masc
Azevedo,Masc
Azim,Masc
Aziz,Masc
Aécio,Masc
Aéneas,Masc
Aílton,Masc
Bacelar,Masc
Bachir,Masc
Bachmann,Masc
Backer,Masc
Baco,Masc
Bacuara,Masc
Badi,Masc
Badin,Masc
Baependi,Masc
Bagé,Masc
Bahman,Masc
Baiardo,Masc
Bailey,Masc
Baio,Masc
Balaão,Masc
Balbino,Masc
Balbo,Masc
Balboa,Masc
Balbílio,Masc
Balderico,Masc
Baldo,Masc
Baldomar,Masc
Baldomero,Masc
Baldovino,Masc
Balduíno,Masc
Baldwin,Masc
Baleo,Masc
Balster,Masc
Baltar,Masc
Baltasar,Masc
Baltazar,Masc
Barac,Masc
Baraquias,Masc
Barbacena,Masc
Barcelos,Masc
Bark,Masc
Barnabas,Masc
Barnaby,Masc
Barnabé,Masc
Barney,Masc
Baron,Masc
Barreiros,Masc
Barsaré,Masc
Bart,Masc
Bartinik,Masc
Bartolo,Masc
Bartolomeu,Masc
Baruc,Masc
Baruque,Masc
Basil,Masc
Basileu,Masc
Basiliano,Masc
Basilides,Masc
Basilindo,Masc
Basilino,Masc
Bastos,Masc
Basílio,Masc
Batimeu,Masc
Batista,Masc
Batistino,Masc
Batuel,Masc
Bayer,Masc
Beaulah,Masc
Becker,Masc
Behael,Masc
Belami,Masc
Belamino,Masc
Belamiro,Masc
Belarmino,Masc
Belcanto,Masc
Belerofonte,Masc
Belisário,Masc
Belmiro,Masc
Belmonte,Masc
Belquir,Masc
Belquis,Masc
Beltrão,Masc
Ben,Masc
Ben-Hur,Masc
Benami,Masc
Benedito,Masc
Benevenuto,Masc
Benevolo,Masc
Bengt,Masc
Benigno,Masc
Benito,Masc
Benjamim,Masc
Benoit,Masc
Benoni,Masc
Bensabat,Masc
Benson,Masc
Bentes,Masc
Bento,Masc
Benvindo,Masc
Benício,Masc
Beoto,Masc
Beraldo,Masc
Berardo,Masc
Berengar,Masc
Berghaman,Masc
Berilo,Masc
Bermondo,Masc
Bernardo,Masc
Bertagnoli,Masc
Berthold,Masc
Bertino,Masc
Berto,Masc
Bertoldo,Masc
Bertoli,Masc
Bertolino,Masc
Bertram,Masc
Bertrando,Masc
Bertário,Masc
Berílio,Masc
Beulah,Masc
Bianor,Masc
Biara,Masc
Bill,Masc
Binder,Masc
Birigui,Masc
Biron,Masc
Bismark,Masc
Bispo,Masc
Bitencourt,Masc
Blandino,Masc
Blando,Masc
Bloch,Masc
Bob,Masc
Bogdan,Masc
Bogdana,Masc
Bogumil,Masc
Boiardo,Masc
Bolívar,Masc
Bonifante,Masc
Bonifácio,Masc
Bonjy,Masc
Borghild,Masc
Borislav,Masc
Bosco,Masc
Bourbon,Masc
Boyd,Masc
Bran,Masc
Branco,Masc
Brandon,Masc
Brandão,Masc
Brasiliano,Masc
Brasília,Masc
Brenho,Masc
Breno,Masc
Bretãs,Masc
Brian,Masc
Briaréu,Masc
Briseu,Masc
Bristol,Masc
Brito,Masc
Brizola,Masc
Brochado,Masc
Bromberg,Masc
Bronwen,Masc
Brook,Masc
Brooke,Masc
Bruno,Masc
Brunot,Masc
Brunswichk,Masc
Bryan,Masc
Brás,Masc
Brício,Masc
Brígido,Masc
Bud,Masc
Bueno,Masc
Burnier,Masc
Burton,Masc
Busmeyer,Masc
Byron,Masc
Bádui,Masc
Bálder,Masc
Bélgio,Masc
Bóris,Masc
Cabral,Masc
Cabuçu,Masc
Caco,Masc
Cadmo,Masc
Caeculus,Masc
Caetano,Masc
Caim,Masc
Caio,Masc
Caiubi,Masc
Caiuá,Masc
Cajuru,Masc
Calais,Masc
Calcante,Masc
Caleb,Masc
Caled,Masc
Calino,Masc
Calisto,Masc
Calistrato,Masc
Calvin,Masc
Calvino,Masc
Calídno,Masc
Calígula,Masc
Cam,Masc
Camarão,Masc
Camel,Masc
Camilo,Masc
Camiro,Masc
Campesino,Masc
Camron,Masc
Candido,Masc
Canindé,Masc
Canuto,Masc
Caoilainn,Masc
Capitolino,Masc
Caramuru,Masc
Carian,Masc
Cario,Masc
Carioca,Masc
Carlindo,Masc
Carlito,Masc
Carlo,Masc
Carlos,Masc
Carlton,Masc
Carmeliano,Masc
Carmelo,Masc
Caronte,Masc
Carter,Masc
Carídoto,Masc
Casey,Masc
Casimir,Masc
Casimiro,Masc
Cassiano,Masc
Castilho,Masc
Casto,Masc
Cataldi,Masc
Catreu,Masc
Catulo,Masc
Catão,Masc
Cauan,Masc
Caubi,Masc
Cauã,Masc
Cauê,Masc
Caxambu,Masc
Cayres,Masc
Caíco,Masc
Caíque,Masc
Cecil,Masc
Ceciliano,Masc
Cecílio,Masc
Cedar,Masc
Cefas,Masc
Cefeu,Masc
Celerino,Masc
Celestino,Masc
Celino,Masc
Celso,Masc
Ceneu,Masc
Cercion,Masc
Cesare,Masc
Cesarino,Masc
Cezar,Masc
Chaim,Masc
Chamberlaim,Masc
Chandler,Masc
Chang,Masc
Chantal,Masc
Charlton,Masc
Chelsea,Masc
Chermont,Masc
Chester,Masc
Chico,Masc
Chilon,Masc
Chris,Masc
Christer,Masc
Christian,Masc
Christofer,Masc
Chuck,Masc
Ciaran,Masc
Cicreu,Masc
Cid,Masc
Cincinato,Masc
Cipriano,Masc
Cirano,Masc
Cirilo,Masc
Cirineu,Masc
Ciro,Masc
Ciríaco,Masc
Cisseu,Masc
Clancy,Masc
Clark,Masc
Clarêncio,Masc
Claudiano,Masc
Claudionor,Masc
Clayton,Masc
Clemente,Masc
Clementino,Masc
Clemêncio,Masc
Cleodoro,Masc
Cleon,Masc
Cleonie,Masc
Cleonte,Masc
Cleófas,Masc
Cleômedes,Masc
Cleônides,Masc
Climério,Masc
Clinton,Masc
Clito,Masc
Clodoaldo,Masc
Clodomiro,Masc
Clodoveu,Masc
Clodovil,Masc
Clodoviu,Masc
Clotário,Masc
Cloud,Masc
Cláudino,Masc
Cláudio,Masc
Cláusio,Masc
Clâncio,Masc
Cléber,Masc
Cléver,Masc
Clístenes,Masc
Clóvis,Masc
Cobi,Masc
Coimbra,Masc
Colatino,Masc
Cole,Masc
Collet,Masc
Colomano,Masc
Colombino,Masc
Colombo,Masc
Colton,Masc
Conrad,Masc
Conrado,Masc
Constante,Masc
Constantino,Masc
Contardo,Masc
Conte,Masc
Copreu,Masc
Copérnico,Masc
Cordato,Masc
Cordel,Masc
Corinto,Masc
Cornélio,Masc
Cosme,Masc
Cosmo,Masc
Couto,Masc
Crasso,Masc
Crisanto,Masc
Crispiano,Masc
Crispim,Masc
Crispin,Masc
Crispo,Masc
Cristiano,Masc
Cristino,Masc
Cristo,Masc
Cristóvão,Masc
Crisóstomo,Masc
Cupelo,Masc
Cupertino,Masc
Cupido,Masc
Curvelo,Masc
Custódio,Masc
Czeslaw,Masc
Cálamo,Masc
Cáon,Masc
Cásper,Masc
Cássio,Masc
Cáulon,Masc
Cândole,Masc
Cécrops,Masc
Céleo,Masc
Célico,Masc
Célio,Masc
César,Masc
Céu,Masc
Cícero,Masc
Daciano,Masc
Dagmar,Masc
Dagoberto,Masc
Dagom,Masc
Dagomar,Masc
Daichi,Masc
Dalberto,Masc
Dalmiro,Masc
Dalmácio,Masc
Daltivo,Masc
Dalton,Masc
Damaceno,Masc
Damasceno,Masc
Damaso,Masc
Damastor,Masc
Damiano,Masc
Damião,Masc
Damon,Masc
Damásio,Masc
Dan,Masc
Daniel,Masc
Danilo,Masc
Dante,Masc
Danton,Masc
Danuto,Masc
Darceno,Masc
Darci,Masc
Darcênio,Masc
Dardeno,Masc
Darin,Masc
Dario,Masc
Darius,Masc
Daros,Masc
Darwin,Masc
Davi,Masc
David,Masc
Davidson,Masc
Davino,Masc
Dedan,Masc
Deimos,Masc
Delano,Masc
Delfim,Masc
Delfino,Masc
Delmar,Masc
Delmiro,Masc
Demarato,Masc
Demas,Masc
Demétrio,Masc
Demétrius,Masc
Demócrates,Masc
Demócrito,Masc
Deniel,Masc
Denilson,Masc
Denis,Masc
Denzel,Masc
Dení,Masc
Deocleciano,Masc
Deodato,Masc
Deodoro,Masc
Deolindo,Masc
Dercino,Masc
Derek,Masc
Desidério,Masc
Deus,Masc
Deusdedit,Masc
Dexter,Masc
Diaurum,Masc
Dib,Masc
Dick,Masc
Dickson,Masc
Dicteu,Masc
Diego,Masc
Dietrich,Masc
Dieudoneé,Masc
Dilan,Masc
Dilermando,Masc
Dimas,Masc
Dimitre,Masc
Dimitri,Masc
Dinarte,Masc
Dinis,Masc
Diniz,Masc
Dino,Masc
Diocleciano,Masc
Diocles,Masc
Dioclécio,Masc
Diogo,Masc
Diomar,Masc
Diomedes,Masc
Diomiro,Masc
Dion,Masc
Dionísio,Masc
Dioros,Masc
Dirceu,Masc
Divino,Masc
Diéneces,Masc
Diógenes,Masc
Djalma,Masc
Dmitry,Masc
Dobromil,Masc
Dolabela,Masc
Domiciano,Masc
Domingos,Masc
Dominic,Masc
Domênico,Masc
Domício,Masc
Donald,Masc
Donaldo,Masc
Donatello,Masc
Donatelo,Masc
Donatien,Masc
Donato,Masc
Donga,Masc
Doriano,Masc
Dorival,Masc
Dorval,Masc
Doug,Masc
Douglas,Masc
Dourival,Masc
Draco,Masc
Dracon,Masc
Dragomir,Masc
Drímaco,Masc
Duane,Masc
Duarte,Masc
Dulcídio,Masc
Duprat,Masc
Durand,Masc
Durval,Masc
Durvalino,Masc
Durward,Masc
Duílio,Masc
Dácio,Masc
Dárcio,Masc
Dáscilo,Masc
Dâmocles,Masc
Dânao,Masc
Décio,Masc
Dédalo,Masc
Délfico,Masc
Délio,Masc
Dídimo,Masc
Dóris,Masc
Eala,Masc
Eanes,Masc
Earl,Masc
Ebenézer,Masc
Eberaldo,Masc
Ebert,Masc
Ebony,Masc
Ebraim,Masc
Ecleu,Masc
Eco,Masc
Edberto,Masc
Eddy,Masc
Edegar,Masc
Edemir,Masc
Eden,Masc
Edgar,Masc
Edgard,Masc
Edgardo,Masc
Edilberto,Masc
Edilson,Masc
Ediseu,Masc
Edivaldo,Masc
Edmar,Masc
Edmarcio,Masc
Edmilson,Masc
Edmo,Masc
Edmond,Masc
Edmundo,Masc
Edno,Masc
Edoardo,Masc
Edom,Masc
Edson,Masc
Eduardo,Masc
Edvaldo,Masc
Edvino,Masc
Edward,Masc
Edwin,Masc
Edwino,Masc
Edésio,Masc
Efraim,Masc
Efrém,Masc
Egbert,Masc
Egberto,Masc
Egeo,Masc
Egeu,Masc
Egil,Masc
Eginardo,Masc
Egito,Masc
Egídio,Masc
Ehu,Masc
Eidil,Masc
Eike,Masc
Einar,Masc
Eistein,Masc
Ekeka,Masc
Ekemona,Masc
Ekena,Masc
Ekewaka,Masc
Ekualo,Masc
Elam,Masc
Elato,Masc
Elder,Masc
Eldred,Masc
Eleakim,Masc
Eleanor,Masc
Eleazar,Masc
Eleonor,Masc
Eleotero,Masc
Eleutério,Masc
Elfort,Masc
Eli,Masc
Eliano,Masc
Eliaquim,Masc
Elias,Masc
Eliasoé,Masc
Elifaz,Masc
Elinor,Masc
Eliot,Masc
Elise,Masc
Eliseu,Masc
Elisário,Masc
Eliézer,Masc
Eliú,Masc
Elmano,Masc
Elmar,Masc
Elmer,Masc
Elpenor,Masc
Elpídio,Masc
Elquenor,Masc
Elton,Masc
Elvino,Masc
Elvis,Masc
Elzeário,Masc
Elá,Masc
Elício,Masc
Elídio,Masc
Elígio,Masc
Elísio,Masc
Elói,Masc
Emanuel,Masc
Emarã,Masc
Emaré,Masc
Emerson,Masc
Emiliano,Masc
Emir,Masc
Emílio,Masc
Enarê,Masc
Encarnacion,Masc
Endi,Masc
Enio,Masc
Eno,Masc
Enoque,Masc
Enos,Masc
Enrico,Masc
Enrique,Masc
Enzo,Masc
Enéias,Masc
Epaminondas,Masc
Ephraim,Masc
Epi,Masc
Epicasta,Masc
Epifânio,Masc
Epimênides,Masc
Epitácio,Masc
Epêneto,Masc
Epícares,Masc
Epícuro,Masc
Epígone,Masc
Epíteto,Masc
Eraldo,Masc
Erard,Masc
Erardo,Masc
Erasmo,Masc
Erasto,Masc
Ercílio,Masc
Eriberto,Masc
Eric,Masc
Erick,Masc
Erico,Masc
Erik,Masc
Ermelindo,Masc
Ermenegildo,Masc
Ermínio,Masc
Ermírio,Masc
Ernest,Masc
Ernesto,Masc
Ernâni,Masc
Eros,Masc
Erval,Masc
Ervin,Masc
Ervino,Masc
Esaú,Masc
Escobar,Masc
Escolástico,Masc
Esculápio,Masc
Esdras,Masc
Esequiel,Masc
Esme,Masc
Esmond,Masc
Esmondo,Masc
Espedito,Masc
Esperidião,Masc
Espártaco,Masc
Essoby,Masc
Estanislau,Masc
Estefânio,Masc
Estentor,Masc
Estevan,Masc
Esteves,Masc
Estevão,Masc
Estácio,Masc
Estéfanas,Masc
Estéfano,Masc
Estélio,Masc
Estênio,Masc
Esídio,Masc
Etelvino,Masc
Etevaldo,Masc
Ethan,Masc
Ethel,Masc
Ettore,Masc
Eucles,Masc
Euclides,Masc
Eudes,Masc
Eudorico,Masc
Eudoro,Masc
Eudóxio,Masc
Eufranor,Masc
Eufrásio,Masc
Eugênio,Masc
Euler,Masc
Eulino,Masc
Eulálio,Masc
Eumelo,Masc
Eumênes,Masc
Eumênis,Masc
Eunápio,Masc
Euquenor,Masc
Euro,Masc
Eurodo,Masc
Eurípedes,Masc
Eustáquio,Masc
Eusébio,Masc
Euterpe,Masc
Evaisto,Masc
Evaldo,Masc
Evandro,Masc
Evangelista,Masc
Evanildo,Masc
Evaristo,Masc
Everaldo,Masc
Everardo,Masc
Everton,Masc
Expedito,Masc
Ezequias,Masc
Ezequiel,Masc
Eácido,Masc
Eçapira,Masc
Fabian,Masc
Fabiano,Masc
Fabrizio,Masc
Fabrício,Masc
Fadel,Masc
Faetonte,Masc
Fagundes,Masc
Fagundo,Masc
Fahir,Masc
Faith,Masc
Faizel,Masc
Faiçal,Masc
Fajardo,Masc
Falcão,Masc
Fanor,Masc
Faon,Masc
Farell,Masc
Farid,Masc
Faros,Masc
Faruk,Masc
Fascínio,Masc
Fauno,Masc
Faustino,Masc
Fausto,Masc
Fauzi,Masc
Favorino,Masc
Fayard,Masc
Febo,Masc
Fedalto,Masc
Fedato,Masc
Federigo,Masc
Fedon,Masc
Fedro,Masc
Fegeu,Masc
Feital,Masc
Feitosa,Masc
Feliciano,Masc
Felipe,Masc
Felisbelo,Masc
Felisberto,Masc
Felismino,Masc
Felênio,Masc
Felício,Masc
Fenaio,Masc
Ferdinando,Masc
Fergus,Masc
Fernandes,Masc
Fernandino,Masc
Fernando,Masc
Fernão,Masc
Feron,Masc
Ferraz,Masc
Festo,Masc
Fidel,Masc
Fido,Masc
Fidélio,Masc
Fidélis,Masc
Fidêncio,Masc
Filareto,Masc
Fileto,Masc
Filiberto,Masc
Filinto,Masc
Filipe,Masc
Filodemo,Masc
Filogônio,Masc
Filomeno,Masc
Filéas,Masc
Filêmon,Masc
Fingal,Masc
Finéas,Masc
Firminiano,Masc
Firmino,Masc
Firmo,Masc
Fiácrio,Masc
Flabela,Masc
Flamínio,Masc
Flausino,Masc
Flaviano,Masc
Fleur,Masc
Fleury,Masc
Florentino,Masc
Florestano,Masc
Florian,Masc
Floriano,Masc
Floro,Masc
Florêncio,Masc
Floyd,Masc
Flynn,Masc
Flávio,Masc
Fonseca,Masc
Fontes,Masc
Fontoura,Masc
Forel,Masc
Fortuna,Masc
Fortunato,Masc
Fox,Masc
Frabriciano,Masc
Fradique,Masc
Fragoso,Masc
Francelino,Masc
Francesco,Masc
Francisco,Masc
Franclim,Masc
Franco,Masc
Francílio,Masc
Frank,Masc
Franklin,Masc
Frans,Masc
François,Masc
Frederico,Masc
Freja,Masc
Friederike,Masc
Fritz,Masc
Frontin,Masc
Frutuoso,Masc
Frôntis,Masc
Fuad,Masc
Fulton,Masc
Furlan,Masc
Fábio,Masc
Fáris,Masc
Fátuo,Masc
Fáustolo,Masc
Félix,Masc
Féres,Masc
Fênix,Masc
Fídias,Masc
Fídio,Masc
Fóster,Masc
Fúlvio,Masc
Gabor,Masc
Gabriel,Masc
Gabínio,Masc
Gad,Masc
Gadi,Masc
Gaditano,Masc
Gael,Masc
Gago,Masc
Gaio,Masc
Galates,Masc
Galdino,Masc
Galeno,Masc
Galeso,Masc
Galhardo,Masc
Galieno,Masc
Galileo,Masc
Galileu,Masc
Galvino,Masc
Galvão,Masc
Gamaliel,Masc
Gamarra,Masc
Gandolfo,Masc
Ganimedes,Masc
Garib,Masc
Garibaldi,Masc
Garnet,Masc
Garnier,Masc
Garret,Masc
Garrido,Masc
Garth,Masc
Gary,Masc
Gaspar,Masc
Gastão,Masc
Gaudêncio,Masc
Gaylord,Masc
Gedeão,Masc
Gedão,Masc
Gelmires,Masc
Geminiano,Masc
Genaro,Masc
Genciano,Masc
Generoso,Masc
Genival,Masc
Genivaldo,Masc
Gentil,Masc
Genésio,Masc
Geoffrey,Masc
Georg,Masc
Georges,Masc
Geovane,Masc
Geraldino,Masc
Geraldo,Masc
Gerardo,Masc
Gerd,Masc
Geremaro,Masc
Gerhard,Masc
Gerin,Masc
Gerião,Masc
Germain,Masc
Germano,Masc
Gertraud,Masc
Gervásio,Masc
Gerôncio,Masc
Gesuíno,Masc
Getúlio,Masc
Geórge,Masc
Giacomo,Masc
Gibrail,Masc
Giglio,Masc
Gilberto,Masc
Gildo,Masc
Giles,Masc
Gilmar,Masc
Giovanni,Masc
Glicério,Masc
Godofredo,Masc
Goiás,Masc
Goldman,Masc
Golias,Masc
Gomer,Masc
Gomes,Masc
Gonçalo,Masc
Gotardo,Masc
Goulard,Masc
Goulart,Masc
Graciliano,Masc
Gracinaldo,Masc
Gracindo,Masc
Graciniato,Masc
Graco,Masc
Gracílio,Masc
Grajaú,Masc
Gratiano,Masc
Graziano,Masc
Gregor,Masc
Gregório,Masc
Grimaldi,Masc
Grino,Masc
Gualberto,Masc
Gualtiero,Masc
Guarani,Masc
Guayi,Masc
Guaçu,Masc
Guerino,Masc
Guido,Masc
Guilherme,Masc
Gumercindo,Masc
Gumersindo,Masc
Gunda,Masc
Gunter,Masc
Gurgel,Masc
Gurinhém,Masc
Gustavo,Masc
Guto,Masc
Guálter,Masc
Gábrio,Masc
Gérson,Masc
Gílson,Masc
Górki,Masc
Halehale,Masc
Halevi,Masc
Haley,Masc
Hamid,Masc
Hamilcar,Masc
Hamilton,Masc
Hamish,Masc
Hamlet,Masc
Hamon,Masc
Hanauhou,Masc
Haniel,Masc
Hannibal,Masc
Hanom,Masc
Hanon,Masc
Hans,Masc
Haníbal,Masc
Harahel,Masc
Hardy,Masc
Harmon,Masc
Harold,Masc
Haroldo,Masc
Harriet,Masc
Harrison,Masc
Harrisson,Masc
Harry,Masc
Hartmut,Masc
Hartwig,Masc
Hasan,Masc
Haskel,Masc
Hassan,Masc
Hathor,Masc
Hauolimau,Masc
Havilah,Masc
Hayato,Masc
Hayden,Masc
Hazel,Masc
Haziel,Masc
Heather,Masc
Hector,Masc
Hedi,Masc
Heidrun,Masc
Heiko,Masc
Heinz,Masc
Heitor,Masc
Heleno,Masc
Helge,Masc
Heli,Masc
Heliberto,Masc
Helmut,Masc
Helotes,Masc
Heládio,Masc
Hemetério,Masc
Henderson,Masc
Henele,Masc
Heneliaka,Masc
Henoheno,Masc
Henoque,Masc
Henri,Masc
Henrike,Masc
Henrique,Masc
Henry,Masc
Herculano,Masc
Hercílio,Masc
Herman,Masc
Hermano,Masc
Hermenegildo,Masc
Hermes,Masc
Hermeto,Masc
Hermine,Masc
Hermon,Masc
Hermínio,Masc
Hermógenes,Masc
Herodes,Masc
Herodião,Masc
Heron,Masc
Heros,Masc
Hersílio,Masc
Heráclio,Masc
Heráclito,Masc
Heródoto,Masc
Hidalgo,Masc
Hidetaka,Masc
Hiero,Masc
Higino,Masc
Hilal,Masc
Hilbert,Masc
Hildeberto,Masc
Hildebrando,Masc
Hildefonso,Masc
Hilderico,Masc
Hilário,Masc
Himeneu,Masc
Himineu,Masc
Hipólito,Masc
Hiram,Masc
Hiran,Masc
Hiroki,Masc
Hiroshi,Masc
Hiroíto,Masc
Hirá,Masc
Hirônides,Masc
Hisíodo,Masc
Hiérocles,Masc
Hogo,Masc
Hoirandí,Masc
Hokuokekai,Masc
Homero,Masc
Hong,Masc
Honorato,Masc
Honorino,Masc
Honório,Masc
Hormênio,Masc
Horst,Masc
Horton,Masc
Hortênsio,Masc
Horácio,Masc
Hubert,Masc
Huberto,Masc
Hugh,Masc
Hugo,Masc
Humberto,Masc
Hunter,Masc
Hur,Masc
Hurassí,Masc
Hálim,Masc
Hélder,Masc
Hélio,Masc
Héracles,Masc
Hércules,Masc
Hêber,Masc
Hílton,Masc
Iaco,Masc
Iago,Masc
Iakopa,Masc
Iamana,Masc
Ian,Masc
Iataí,Masc
Ibacém,Masc
Ibanêz,Masc
Ibaque,Masc
Ibaré,Masc
Ibaté,Masc
Iberê,Masc
Ibiaçu,Masc
Ibiraci,Masc
Ibirajara,Masc
Ibirajá,Masc
Ibiri,Masc
Ibrahim,Masc
Ibraim,Masc
Ibura,Masc
Ibá,Masc
Icanor,Masc
Icer,Masc
Ichiro,Masc
Icrá,Masc
Ictino,Masc
Icário,Masc
Icém,Masc
Icílio,Masc
Idalino,Masc
Idmon,Masc
Idomeneu,Masc
Idomeu,Masc
Idril,Masc
Idálio,Masc
Idário,Masc
Ifigênio,Masc
Igaci,Masc
Igapi,Masc
Iglesias,Masc
Igor,Masc
Iguatemi,Masc
Iguaçu,Masc
Ihilane,Masc
Ihilani,Masc
Ikaika,Masc
Ilah,Masc
Ildefonso,Masc
Ilo,Masc
Iluminato,Masc
Imael,Masc
Imamaiah,Masc
Inalécio,Masc
Inandê,Masc
Inca,Masc
Ingo,Masc
Ingomar,Masc
Inocêncio,Masc
Inácio,Masc
Ioshua,Masc
Ipojuca,Masc
Ipupiara,Masc
Iramaia,Masc
Irapuã,Masc
Iraê,Masc
Ireneu,Masc
Irineu,Masc
Iriri,Masc
Irving,Masc
Isaac,Masc
Isaiah,Masc
Isao,Masc
Isaque,Masc
Isar,Masc
Isauro,Masc
Isaía,Masc
Isaías,Masc
Iseu,Masc
Isidoro,Masc
Isidro,Masc
Ismael,Masc
Ismail,Masc
Ismênio,Masc
Isnar,Masc
Isnardo,Masc
Israel,Masc
Itabira,Masc
Itagiba,Masc
Itajuí,Masc
Itamar,Masc
Itambé,Masc
Itapoã,Masc
Itatiba,Masc
Itaú,Masc
Itono,Masc
Itubore,Masc
Ituriel,Masc
Itápolis,Masc
Ivair,Masc
Ivaldir,Masc
Ivan,Masc
Ivanhoé,Masc
Ivaí,Masc
Ivo,Masc
Ivor,Masc
Ivã,Masc
Iwin,Masc
Izolino,Masc
Jabel,Masc
Jabino,Masc
Jaboatão,Masc
Jabriel,Masc
Jabril,Masc
Jacicoê,Masc
Jaciendi,Masc
Jacimira,Masc
Jacinir,Masc
Jacinto,Masc
Jacir,Masc
Jackson,Masc
Jacob,Masc
Jacome,Masc
Jacques,Masc
Jacqui,Masc
Jacó,Masc
Jadon,Masc
Jael,Masc
Jafar,Masc
Jafet,Masc
Jafé,Masc
Jaguar,Masc
Jaime,Masc
Jair,Masc
Jaire,Masc
Jairo,Masc
Jakob,Masc
Jamal,Masc
James,Masc
Jamil,Masc
Jandir,Masc
Jango,Masc
Jannike,Masc
Jano,Masc
Januário,Masc
Jaque,Masc
Jaques,Masc
Jaqui,Masc
Jarbas,Masc
Jardano,Masc
Jardel,Masc
Jardine,Masc
Jared,Masc
Jarede,Masc
Jari,Masc
Jaromir,Masc
Jarvis,Masc
Jasão,Masc
Jati,Masc
Jatir,Masc
Javan,Masc
Javano,Masc
Javaé,Masc
Javier,Masc
Javé,Masc
Jaziel,Masc
Jean,Masc
Jecabebe,Masc
Jefferson,Masc
Jeffrey,Masc
Jens,Masc
Jeová,Masc
Jepiara,Masc
Jeremiah,Masc
Jeremias,Masc
Jerônimo,Masc
Jessé,Masc
Jesus,Masc
Jesuíno,Masc
Jetro,Masc
Jewel,Masc
Jezabel,Masc
Jim,Masc
Jimy,Masc
Jin,Masc
Joabe,Masc
Joaci,Masc
Joamar,Masc
Joan,Masc
Joaquim,Masc
Joatã,Masc
Jobim,Masc
Jocelim,Masc
Jocelin,Masc
Jocelyn,Masc
Joel,Masc
Joelle,Masc
Joh,Masc
John,Masc
Joly,Masc
Jona,Masc
Jonas,Masc
Jonathan,Masc
Jordano,Masc
Jordão,Masc
Jorge,Masc
Jorgen,Masc
Jorie,Masc
Josafá,Masc
Josemar,Masc
Joseph,Masc
Joshua,Masc
Josiah,Masc
Josias,Masc
Josué,Masc
José,Masc
Jouvin,Masc
Joviano,Masc
Jovino,Masc
Jovito,Masc
João,Masc
Juaci,Masc
Juacir,Masc
Juan,Masc
Juarez,Masc
Jubal,Masc
Juca,Masc
Judas,Masc
Judá,Masc
Juliano,Masc
Juno,Masc
Jupi,Masc
Juraci,Masc
Jurandir,Masc
Jurecê,Masc
Juscelino,Masc
Justiniano,Masc
Justino,Masc
Justo,Masc
Justus,Masc
Juvenal,Masc
Juventino,Masc
Jácomo,Masc
Jáder,Masc
Jáper,Masc
Jásper,Masc
Jânio,Masc
Jó,Masc
Jóbson,Masc
Jório,Masc
Jônatas,Masc
Jônio,Masc
Júlio,Masc
Júnio,Masc
Júnior,Masc
Júpiter,Masc
Kaab,Masc
Kaakakona,Masc
Kabir,Masc
Kai,Masc
Kaia,Masc
Kailola,Masc
Kaio,Masc
Kaique,Masc
Kakali,Masc
Kala,Masc
Kalawina,Masc
Kale,Masc
Kaled,Masc
Kaleo,Masc
Kalil,Masc
Kaloka,Masc
Kaluanã,Masc
Kamadeva,Masc
Kamadewa,Masc
Kamal,Masc
Kamala,Masc
Kamby,Masc
Kameahookohoia,Masc
Kamona,Masc
Kamuela,Masc
Kana,Masc
Kanauã,Masc
Kane,Masc
Kaneki,Masc
Kaniela,Masc
Kanji,Masc
Kanope,Masc
Kapane,Masc
Kapila,Masc
Kara,Masc
Karan,Masc
Karl,Masc
Kaspar,Masc
Kassim,Masc
Katsuo,Masc
Kauan,Masc
Kauã,Masc
Kauê,Masc
Kazuaki,Masc
Kazumi,Masc
Kazuo,Masc
Keamuka,Masc
Keane,Masc
Kedar,Masc
Keefe,Masc
Keegan,Masc
Keenan,Masc
Keith,Masc
Kelvin,Masc
Kemp,Masc
Ken,Masc
Kenana,Masc
Kendall,Masc
Kenichi,Masc
Kenjiro,Masc
Kennedy,Masc
Kenneth,Masc
Kenrick,Masc
Kent,Masc
Kentaro,Masc
Kento,Masc
Keokolo,Masc
Keopele,Masc
Kermit,Masc
Kerry,Masc
Kevin,Masc
Khalil,Masc
Khuri,Masc
Kieran,Masc
Kiichi,Masc
Kiliano,Masc
Killian,Masc
Kimball,Masc
Kimberley,Masc
Kimo,Masc
Kinderman,Masc
King,Masc
Kini,Masc
Kirk,Masc
Klaus,Masc
Kléber,Masc
Knox,Masc
Knut,Masc
Koch,Masc
Koji,Masc
Kola,Masc
Kolomona,Masc
Koma,Masc
Konder,Masc
Koni,Masc
Konrad,Masc
Kotaro,Masc
Kremer,Masc
Kriger,Masc
Krigor,Masc
Kristofer,Masc
Kuri,Masc
Kurt,Masc
Kyle,Masc
Kylie,Masc
Labão,Masc
Labério,Masc
Lacedêmon,Masc
Lacirandy,Masc
Lacínio,Masc
Ladislas,Masc
Ladislau,Masc
Ladário,Masc
Ladão,Masc
Laerte,Masc
Lahanau,Masc
Lahetô,Masc
Laio,Masc
Lair,Masc
Lake,Masc
Lalela,Masc
Lalepa,Masc
Lali,Masc
Lalo,Masc
Lamaki,Masc
Lamar,Masc
Lambert,Masc
Lamberto,Masc
Lamech,Masc
Lameque,Masc
Lanakala,Masc
Lancelot,Masc
Landim,Masc
Landolfo,Masc
Laoconte,Masc
Laodâmia,Masc
Lapa,Masc
Larry,Masc
Lars,Masc
Latino,Masc
Laudelino,Masc
Laudemir,Masc
Laudo,Masc
Laudálio,Masc
Laureano,Masc
Laurel,Masc
Lauren,Masc
Laurence,Masc
Laurent,Masc
Laurentine,Masc
Lauriano,Masc
Laurino,Masc
Lauro,Masc
Laurêncio,Masc
Laval,Masc
Lavínio,Masc
Laércio,Masc
Laódice,Masc
Leagro,Masc
Leal,Masc
Leander,Masc
Leandro,Masc
Lee,Masc
Lemoine,Masc
Lemuel,Masc
Lenore,Masc
Leo,Masc
Leocádia,Masc
Leodônia,Masc
Leon,Masc
Leonardo,Masc
Leonel,Masc
Leonie,Masc
Leonildes,Masc
Leonídio,Masc
Leopoldino,Masc
Leopoldo,Masc
Leri,Masc
Leroy,Masc
Leto,Masc
Leuce,Masc
Leupena,Masc
Levi,Masc
Levindo,Masc
Leôncio,Masc
Liadan,Masc
Liberato,Masc
Liberatore,Masc
Libânio,Masc
Libório,Masc
Ligório,Masc
Likeke,Masc
Lineu,Masc
Lino,Masc
Linus,Masc
Lionel,Masc
Liouba,Masc
Lisarte,Masc
Livino,Masc
Lokelika,Masc
Lokene,Masc
Lokine,Masc
Lombardi,Masc
Lopaka,Masc
Lopine,Masc
Lorenzo,Masc
Loreto,Masc
Lorésio,Masc
Lot,Masc
Loteno,Masc
Louis,Masc
Lourenço,Masc
Lourival,Masc
Luan,Masc
Lubomir,Masc
Lubomira,Masc
Luca,Masc
Lucas,Masc
Lucca,Masc
Luciano,Masc
Lucrécio,Masc
Lucíolo,Masc
Ludgero,Masc
Ludolfo,Masc
Ludovico,Masc
Luigi,Masc
Luiz,Masc
Lupicínio,Masc
Lupércio,Masc
Lutero,Masc
Luther,Masc
Luí,Masc
Luís,Masc
Lácio,Masc
Lázaro,Masc
Lélio,Masc
Lépido,Masc
Lênis,Masc
Lício,Masc
Lísias,Masc
Lísis,Masc
Lívio,Masc
Lóris,Masc
Lótus,Masc
Lúcio,Masc
Maarten,Masc
Mab,Masc
Mabel,Masc
Mac,Masc
Macaon,Masc
Macedon,Masc
Macedônio,Masc
Maceió,Masc
Macenas,Masc
Machiavel,Masc
Maciel,Masc
Macrino,Masc
Macunaíma,Masc
Macário,Masc
Madge,Masc
Maedra,Masc
Magalhães,Masc
Magdala,Masc
Maggy,Masc
Magino,Masc
Magno,Masc
Magnus,Masc
Magé,Masc
Mahafara,Masc
Mahara,Masc
Mahasiah,Masc
Maia,Masc
Maicon,Masc
Maikekai,Masc
Mair,Masc
Mairarê,Masc
Mairon,Masc
Majuí,Masc
Malaquias,Masc
Malcolm,Masc
Malque,Masc
Malquiel,Masc
Malu,Masc
Maluf,Masc
Malvino,Masc
Mamede,Masc
Mamom,Masc
Manaoio,Masc
Manassés,Masc
Manes,Masc
Manfredo,Masc
Manoel,Masc
Manolo,Masc
Manon,Masc
Manrico,Masc
Mansur,Masc
Mantovani,Masc
Manu,Masc
Manualdo,Masc
Manuel,Masc
Manuku,Masc
Maomé,Masc
Maquiavel,Masc
Maranhão,Masc
Marani,Masc
Marathon,Masc
Marc,Masc
Marceline,Masc
Marcelino,Masc
Marcelo,Masc
Marchand,Masc
Marchiori,Masc
Marcial,Masc
Marcionilo,Masc
Marco,Masc
Marcolino,Masc
Marcondes,Masc
Marcos,Masc
Marcus,Masc
Marcílio,Masc
Marigold,Masc
Marinho,Masc
Marino,Masc
Marins,Masc
Mario,Masc
Marion,Masc
Marivaldo,Masc
Marlon,Masc
Marly,Masc
Marni,Masc
Maron,Masc
Marshal,Masc
Marsílio,Masc
Marte,Masc
Martim,Masc
Martiniano,Masc
Martino,Masc
Martins,Masc
Marvin,Masc
Marçal,Masc
Matatias,Masc
Mater,Masc
Mateus,Masc
Matheus,Masc
Mathias,Masc
Matias,Masc
Matteo,Masc
Maturino,Masc
Matusalém,Masc
Matuzalém,Masc
Mauarí,Masc
Mauliola,Masc
Maurice,Masc
Mauricí,Masc
Maurizio,Masc
Mauro,Masc
Maurício,Masc
Maurílio,Masc
Mauá,Masc
Max,Masc
Maximiliano,Masc
Maximiniana,Masc
Maxine,Masc
Maxwel,Masc
Maya,Masc
Mayim,Masc
Mazagoua,Masc
Mazagão,Masc
Mazzaroti,Masc
Meakiai,Masc
Mebahel,Masc
Mecenas,Masc
Medardo,Masc
Meehiel,Masc
Megaron,Masc
Meir,Masc
Melahel,Masc
Melaneu,Masc
Melchior,Masc
Meliteu,Masc
Melito,Masc
Melo,Masc
Melquias,Masc
Melquior,Masc
Melquisedeque,Masc
Melquíades,Masc
Melvino,Masc
Menahem,Masc
Menandro,Masc
Mendel,Masc
Mendelson,Masc
Mendes,Masc
Meneceu,Masc
Menelau,Masc
Meneléu,Masc
Menescal,Masc
Menipo,Masc
Menon,Masc
Menotti,Masc
Mentor,Masc
Merle,Masc
Messias,Masc
Micael,Masc
Micajah,Masc
Michael,Masc
Michel,Masc
Michelangelo,Masc
Midas,Masc
Miguel,Masc
Mikhail,Masc
Milan,Masc
Milano,Masc
Milcíades,Masc
Militino,Masc
Militão,Masc
Milton,Masc
Minerva,Masc
Miquéias,Masc
Mirno,Masc
Mirthes,Masc
Mirtis,Masc
Mirtos,Masc
Misael,Masc
Mitsrael,Masc
Mitzi,Masc
Mitzrael,Masc
Miyako,Masc
Mizael,Masc
Moacir,Masc
Moamede,Masc
Moara,Masc
Modestino,Masc
Modesto,Masc
Mohammad,Masc
Mohammed,Masc
Moi,Masc
Moisés,Masc
Moke,Masc
Mollie,Masc
Molly,Masc
Monoke,Masc
Montgomery,Masc
Mor,Masc
Moraes,Masc
Morais,Masc
Morales,Masc
Moreira,Masc
Morel,Masc
Morfeu,Masc
Morgan,Masc
Moritz,Masc
Morpheu,Masc
Morrice,Masc
Morris,Masc
Moses,Masc
Mota,Masc
Motta,Masc
Mourão,Masc
Mozar,Masc
Mozart,Masc
Muciano,Masc
Munhoz,Masc
Munir,Masc
Muniz,Masc
Muriel,Masc
Murillo,Masc
Murilo,Masc
Mustafá,Masc
Máder,Masc
Máicol,Masc
Márcio,Masc
Mâncio,Masc
Mérlin,Masc
Mérope,Masc
Métis,Masc
Mêncio,Masc
Mênfis,Masc
Mênphis,Masc
Múcio,Masc
Naahman,Masc
Naam,Masc
Naamã,Masc
Naara,Masc
Nabal,Masc
Nabi,Masc
Nabih,Masc
Nabor,Masc
Nabucodonosor,Masc
Nadabe,Masc
Nadal,Masc
Nagibe,Masc
Nahan,Masc
Nahim,Masc
Nahum,Masc
Naim,Masc
Naindí,Masc
Naldo,Masc
Nanael,Masc
Naor,Masc
Napoleão,Masc
Narceu,Masc
Narciso,Masc
Narcísio,Masc
Nardini,Masc
Nardo,Masc
Nascimento,Masc
Natal,Masc
Natalino,Masc
Natalício,Masc
Natan,Masc
Natanael,Masc
Nataniel,Masc
Nathan,Masc
Natividade,Masc
Natã,Masc
Naum,Masc
Navito,Masc
Nazareh,Masc
Nazareno,Masc
Nazariel,Masc
Nazaré,Masc
Neal,Masc
Neandro,Masc
Neemias,Masc
Neftali,Masc
Nei,Masc
Neil,Masc
Neilson,Masc
Neimar,Masc
Neleu,Masc
Neli,Masc
Nelson,Masc
Nemestrino,Masc
Nemias,Masc
Nemo,Masc
Neomedes,Masc
Neon,Masc
Nereide,Masc
Nereu,Masc
Nero,Masc
Nery,Masc
Nestor,Masc
Neville,Masc
Newton,Masc
Ney,Masc
Neymar,Masc
Neófito,Masc
Nicandro,Masc
Nicanor,Masc
Nicholas,Masc
Nichole,Masc
Nick,Masc
Nico,Masc
Nicodemus,Masc
Nicol,Masc
Nicola,Masc
Nicolau,Masc
Nicolette,Masc
Nicolino,Masc
Nicomedes,Masc
Nicácio,Masc
Nicéforo,Masc
Niels,Masc
Nigel,Masc
Nikolai,Masc
Nikolas,Masc
Nil,Masc
Nildo,Masc
Nilo,Masc
Nilson,Masc
Nilton,Masc
Nimbus,Masc
Ninive,Masc
Nino,Masc
Nivaldo,Masc
Noah,Masc
Noel,Masc
Noela,Masc
Nohouka,Masc
Nolan,Masc
Nolana,Masc
Nolepeleko,Masc
Norberto,Masc
Noreen,Masc
Norris,Masc
Norton,Masc
Nowak,Masc
Noé,Masc
Noêmio,Masc
Nuno,Masc
Nupeba,Masc
Nydia,Masc
Náder,Masc
Násser,Masc
Nélio,Masc
Névio,Masc
Nícolas,Masc
Nídia,Masc
Nílsen,Masc
Núncio,Masc
Obajara,Masc
Obdias,Masc
Obede,Masc
Oberico,Masc
Oberon,Masc
Oberto,Masc
Obeíma,Masc
Obiru,Masc
Obitã,Masc
Obádia,Masc
Odair,Masc
Odaléia,Masc
Odara,Masc
Odemar,Masc
Odemiro,Masc
Odenato,Masc
Oderico,Masc
Odilardo,Masc
Odilon,Masc
Odin,Masc
Odir,Masc
Odisseu,Masc
Odo,Masc
Odon,Masc
Odorico,Masc
Odulfo,Masc
Oduvaldo,Masc
Oduíno,Masc
Odélio,Masc
Odérico,Masc
Odílio,Masc
Ofir,Masc
Ogden,Masc
Oholupalupa,Masc
Oivário,Masc
Ojibe,Masc
Oka,Masc
Oko,Masc
Oksana,Masc
Olavo,Masc
Oliveira,Masc
Olímpio,Masc
Olívio,Masc
Omar,Masc
Omã,Masc
Oméro,Masc
Ondina,Masc
Ondrej,Masc
Onesíforo,Masc
Onias,Masc
Onofre,Masc
Onã,Masc
Onélio,Masc
Onésimo,Masc
Onésio,Masc
Opira,Masc
Oquena,Masc
Oquira,Masc
Ordália,Masc
Orebe,Masc
Oren,Masc
Orestes,Masc
Orfeu,Masc
Oriba,Masc
Origenes,Masc
Oris,Masc
Orlando,Masc
Ormeno,Masc
Ormeo,Masc
Orpheu,Masc
Orson,Masc
Ortigão,Masc
Orítia,Masc
Osborn,Masc
Oscar,Masc
Osias,Masc
Osman,Masc
Osmar,Masc
Osni,Masc
Osvaldo,Masc
Osvino,Masc
Oswald,Masc
Oséias,Masc
Osírio,Masc
Osíris,Masc
Osório,Masc
Otacílio,Masc
Otelo,Masc
Oto,Masc
Oton,Masc
Otoniel,Masc
Otto,Masc
Otávio,Masc
Otílio,Masc
Ovid,Masc
Ovídio,Masc
Owen,Masc
Ozanan,Masc
Ozias,Masc
Oziel,Masc
Ozzy,Masc
Pablo,Masc
Pacaembú,Masc
Pace,Masc
Pacheco,Masc
Paco,Masc
Pacífico,Masc
Padilha,Masc
Padovani,Masc
Paganini,Masc
Page,Masc
Paim,Masc
Paiva,Masc
Pakile,Masc
Paladino,Masc
Palaka,Masc
Palakiko,Masc
Palamedes,Masc
Palas,Masc
Palatino,Masc
Palemon,Masc
Pali,Masc
Palmiro,Masc
Palona,Masc
Paládio,Masc
Pancho,Masc
Pancrácio,Masc
Pandareu,Masc
Pandolfo,Masc
Pandoro,Masc
Pantaleão,Masc
Pantoja,Masc
Paolo,Masc
Paquerer,Masc
Paquetá,Masc
Paracambi,Masc
Paraguaçu,Masc
Paranaguá,Masc
Paranhos,Masc
Paraopeba,Masc
Parati,Masc
Paraty,Masc
Parigot,Masc
Parmênio,Masc
Parsifal,Masc
Partênope,Masc
Parísio,Masc
Pascal,Masc
Pascoal,Masc
Pascácio,Masc
Pasini,Masc
Patrick,Masc
Patrocles,Masc
Patrício,Masc
Patsy,Masc
Paul,Masc
Paulino,Masc
Paulo,Masc
Pavel,Masc
Pavlo,Masc
Pavlov,Masc
Pedrinho,Masc
Pedrito,Masc
Pedro,Masc
Pedroso,Masc
Peixoto,Masc
Peke,Masc
Pelasco,Masc
Pelegrino,Masc
Pelágio,Masc
Pelópidas,Masc
Penafort,Masc
Penalvo,Masc
Penha,Masc
Penrod,Masc
Perato,Masc
Perci,Masc
Percival,Masc
Percy,Masc
Peregrino,Masc
Peres,Masc
Peresia,Masc
Perez,Masc
Peri,Masc
Periclésia,Masc
Perilo,Masc
Perito,Masc
Permínio,Masc
Pero,Masc
Perpétuo,Masc
Perseu,Masc
Perseveranda,Masc
Perácio,Masc
Perón,Masc
Peter,Masc
Petrarca,Masc
Petronilo,Masc
Petronílho,Masc
Petroski,Masc
Petrônio,Masc
Phelan,Masc
Phoebe,Masc
Piancó,Masc
Piaso,Masc
Piatã,Masc
Piedade,Masc
Piercarlo,Masc
Pierce,Masc
Pierluigi,Masc
Pierre,Masc
Pieter,Masc
Pietro,Masc
Pilatos,Masc
Pindara,Masc
Pio,Masc
Piovesan,Masc
Piraju,Masc
Pirajá,Masc
Pirene,Masc
Pires,Masc
Pisandro,Masc
Pitangui,Masc
Pitágoras,Masc
Placídio,Masc
Platâo,Masc
Plauto,Masc
Plutarco,Masc
Plutão,Masc
Plácido,Masc
Plínio,Masc
Policarpo,Masc
Policleto,Masc
Polidoro,Masc
Polifemo,Masc
Polifeno,Masc
Políbio,Masc
Polônio,Masc
Pompeu,Masc
Pompílio,Masc
Porfírio,Masc
Porã,Masc
Posseidon,Masc
Potengi,Masc
Potengy,Masc
Poti,Masc
Praxedes,Masc
Presley,Masc
Pádua,Masc
Pálmer,Masc
Páris,Masc
Pânfilo,Masc
Pérgamo,Masc
Péricles,Masc
Pérside,Masc
Pênia,Masc
Pítane,Masc
Pítia,Masc
Pôncio,Masc
Queirós,Masc
Quelidônio,Masc
Quental,Masc
Quentel,Masc
Quentin,Masc
Quevedo,Masc
Quezia,Masc
Quincas,Masc
Quinn,Masc
Quintana,Masc
Quintanilha,Masc
Quintiliano,Masc
Quintilo,Masc
Quintino,Masc
Quintus,Masc
Quirino,Masc
Quiromeu,Masc
Quixote,Masc
Quodvultdeus,Masc
Quon,Masc
Quotar,Masc
Quércia,Masc
Raban,Masc
Rabelo,Masc
Rachid,Masc
Radagásio,Masc
Radamanto,Masc
Radamés,Masc
Radomil,Masc
Radulfo,Masc
Rae,Masc
Raed,Masc
Rafael,Masc
Rafi,Masc
Rafiq,Masc
Raghu,Masc
Raguel,Masc
Raiane,Masc
Raiden,Masc
Raimondo,Masc
Raimundo,Masc
Rain,Masc
Raj,Masc
Raja,Masc
Ralph,Masc
Ramiro,Masc
Ramon,Masc
Ramos,Masc
Ramsey,Masc
Ramsés,Masc
Ramão,Masc
Ranald,Masc
Randall,Masc
Randolfo,Masc
Randy,Masc
Ranieri,Masc
Ranildo,Masc
Ranulfo,Masc
Raoni,Masc
Raoul,Masc
Raphael,Masc
Rasmussen,Masc
Raul,Masc
Raulino,Masc
Raven,Masc
Ravi,Masc
Raymond,Masc
Raynard,Masc
Reagan,Masc
Realengo,Masc
Rebelo,Masc
Reed,Masc
Reginaldo,Masc
Reid,Masc
Reinaldo,Masc
Reinoldo,Masc
Relinde,Masc
Rembrandt,Masc
Remi,Masc
Remiel,Masc
Remo,Masc
Remy,Masc
Remédios,Masc
Remígio,Masc
Ren,Masc
Renan,Masc
Renato,Masc
Renner,Masc
René,Masc
Retama,Masc
Reuben,Masc
Rex,Masc
Reynold,Masc
Rezon,Masc
Rhett,Masc
Rhodes,Masc
Rhonda,Masc
Rian,Masc
Ribamar,Masc
Ribas,Masc
Riberto,Masc
Ricardino,Masc
Ricardo,Masc
Richard,Masc
Rick,Masc
Rico,Masc
Rider,Masc
Rigoberto,Masc
Rigoleto,Masc
Rigotto,Masc
Riki,Masc
Rildo,Masc
Riley,Masc
Rinaldo,Masc
Rishon,Masc
Riva,Masc
Roald,Masc
Roaldo,Masc
Rob,Masc
Robert,Masc
Roberto,Masc
Roberval,Masc
Robin,Masc
Robine,Masc
Roboão,Masc
Robson,Masc
Rockne,Masc
Rode,Masc
Rodel,Masc
Roderick,Masc
Rodger,Masc
Rodnei,Masc
Rodney,Masc
Rodolfo,Masc
Rodovaldo,Masc
Rodrigo,Masc
Rodusino,Masc
Rodérico,Masc
Roedel,Masc
Rogaciano,Masc
Rogato,Masc
Roger,Masc
Rogério,Masc
Rolando,Masc
Roldão,Masc
Rolf,Masc
Roman,Masc
Romano,Masc
Romeiro,Masc
Romeo,Masc
Romero,Masc
Romeu,Masc
Romildo,Masc
Romualdo,Masc
Romário,Masc
Romão,Masc
Ron,Masc
Ronald,Masc
Ronaldo,Masc
Ronan,Masc
Ronei,Masc
Roney,Masc
Ronildo,Masc
Ronny,Masc
Roque,Masc
Roquete,Masc
Roriz,Masc
Rosalvo,Masc
Rosamundo,Masc
Rosendo,Masc
Ross,Masc
Rossi,Masc
Rossini,Masc
Rosvaldo,Masc
Rosário,Masc
Roth,Masc
Rothes,Masc
Rovena,Masc
Rowan,Masc
Roxane,Masc
Roy,Masc
Rozamondo,Masc
Ruan,Masc
Rubem,Masc
Ruben,Masc
Rubens,Masc
Rudolfo,Masc
Rudá,Masc
Rufino,Masc
Rufo,Masc
Rufus,Masc
Rui,Masc
Ruperto,Masc
Rurik,Masc
Russell,Masc
Rutger,Masc
Rutílio,Masc
Ryan,Masc
Ryotaro,Masc
Rá,Masc
Régis,Masc
Régulo,Masc
Rêmulo,Masc
Róbby,Masc
Róbinson,Masc
Rômulo,Masc
Saadi,Masc
Saavedra,Masc
Sabará,Masc
Sabatino,Masc
Sabiano,Masc
Sabiniano,Masc
Sabino,Masc
Sabázio,Masc
Sachafer,Masc
Sadala,Masc
Sadi,Masc
Sadoque,Masc
Said,Masc
Saião,Masc
Saladino,Masc
Salatiel,Masc
Sales,Masc
Salgado,Masc
Saliba,Masc
Salim,Masc
Salmoneu,Masc
Salomão,Masc
Salomé,Masc
Salomón,Masc
Salustiano,Masc
Salvador,Masc
Salvalus,Masc
Salvatore,Masc
Salviano,Masc
Salústio,Masc
Sam,Masc
Samir,Masc
Sampaio,Masc
Sampson,Masc
Samson,Masc
Samuel,Masc
Sandoval,Masc
Sandro,Masc
Sansone,Masc
Sansão,Masc
Santiago,Masc
Santoro,Masc
Santos,Masc
Sarosh,Masc
Sartori,Masc
Satoru,Masc
Saturnino,Masc
Saturno,Masc
Saul,Masc
Saulo,Masc
Savedro,Masc
Savino,Masc
Savério,Masc
Scalco,Masc
Scherer,Masc
Schimidt,Masc
Schneider,Masc
Schubert,Masc
Schumacher,Masc
Scott,Masc
Seamus,Masc
Sean,Masc
Sebastian,Masc
Sebastião,Masc
Sedécias,Masc
Segismondo,Masc
Segismundo,Masc
Seiji,Masc
Seixas,Masc
Seleno,Masc
Selmiro,Masc
Sepetiba,Masc
Serafim,Masc
Serafino,Masc
Serge,Masc
Serguei,Masc
Serrão,Masc
Sertório,Masc
Set,Masc
Seth,Masc
Severiano,Masc
Severino,Masc
Severo,Masc
Sezefredo,Masc
Shai,Masc
Shakti,Masc
Shandar,Masc
Sheridan,Masc
Sherlock,Masc
Sheth,Masc
Shin,Masc
Shinichi,Masc
Shuichi,Masc
Sidney,Masc
Sidônio,Masc
Sigeberto,Masc
Sigefredo,Masc
Sigelinde,Masc
Sigismundo,Masc
Sigmar,Masc
Silas,Masc
Sileno,Masc
Silva,Masc
Silvano,Masc
Silvester,Masc
Silvestre,Masc
Silvino,Masc
Silvério,Masc
Simas,Masc
Simeon,Masc
Simeão,Masc
Simon,Masc
Simonette,Masc
Simonie,Masc
Simpliciano,Masc
Simplício,Masc
Simão,Masc
Simôes,Masc
Sinclair,Masc
Sinead,Masc
Sinfrônio,Masc
Singer,Masc
Sinval,Masc
Sinésio,Masc
Skipp,Masc
Sloan,Masc
Sofonias,Masc
Sofrônio,Masc
Solano,Masc
Soleon,Masc
Solimão,Masc
Solomon,Masc
Solomão,Masc
Solveig,Masc
Sotero,Masc
Spencer,Masc
Stanislau,Masc
Stanley,Masc
Stewart,Masc
Suleiman,Masc
Susumo,Masc
Sven,Masc
Sylvie,Masc
Sáber,Masc
Sálvio,Masc
Sátiro,Masc
Sérgio,Masc
Sérvio,Masc
Sérvulo,Masc
Sétimo,Masc
Sêmaco,Masc
Sêneca,Masc
Sídnei,Masc
Sílvio,Masc
Símaco,Masc
Sínoe,Masc
Síntique,Masc
Sócrates,Masc
Sófocles,Masc
Sólon,Masc
Sóstenes,Masc
Tabajara,Masc
Tabor,Masc
Taciano,Masc
Taciguara,Masc
Tadeu,Masc
Tagar,Masc
Taiguara,Masc
Takafumi,Masc
Takashi,Masc
Takeshi,Masc
Talarico,Masc
Talbot,Masc
Tales,Masc
Tamandaré,Masc
Tamar,Masc
Tamuz,Masc
Tancredo,Masc
Tanja,Masc
Tansy,Masc
Tapira,Masc
Tapiraça,Masc
Taquaracê,Masc
Taras,Masc
Tarcão,Masc
Tarcísio,Masc
Tarquécio,Masc
Tarsílio,Masc
Tasso,Masc
Tatius,Masc
Tatsuo,Masc
Taufik,Masc
Taylor,Masc
Taú,Masc
Tebas,Masc
Tecla,Masc
Tecoara,Masc
Tecobiara,Masc
Ted,Masc
Teddy,Masc
Telêmaco,Masc
Temão,Masc
Tenório,Masc
Teobaldo,Masc
Teodomiro,Masc
Teodorico,Masc
Teodoro,Masc
Teodósio,Masc
Teotônio,Masc
Tercero,Masc
Terence,Masc
Tersandro,Masc
Tersio,Masc
Tertuliano,Masc
Terêncio,Masc
Terênsis,Masc
Teseu,Masc
Teçaberaba,Masc
Teçá,Masc
Teócrito,Masc
Teófilo,Masc
Teógenes,Masc
Theodore,Masc
Theodoro,Masc
Thiago,Masc
Thierry,Masc
Thomas,Masc
Thor,Masc
Tiago,Masc
Tibiriça,Masc
Tibério,Masc
Tibúrcio,Masc
Ticiano,Masc
Tilde,Masc
Tim,Masc
Timeu,Masc
Timeus,Masc
Timoteus,Masc
Timóteo,Masc
Tino,Masc
Tinoco,Masc
Tirso,Masc
Tissot,Masc
Tito,Masc
Toante,Masc
Tobias,Masc
Toby,Masc
Toledo,Masc
Tolmai,Masc
Tom,Masc
Tomaso,Masc
Tomer,Masc
Tommy,Masc
Tomás,Masc
Tomásio,Masc
Tomé,Masc
Tonho,Masc
Toni,Masc
Tony,Masc
Toriba,Masc
Torquato,Masc
Torrance,Masc
Tosin,Masc
Tovar,Masc
Trajano,Masc
Trevor,Masc
Trinidad,Masc
Tristão,Masc
Tufi,Masc
Tupã,Masc
Turin,Masc
Tácio,Masc
Tácito,Masc
Tânuz,Masc
Téo,Masc
Tércio,Masc
Têmis,Masc
Túlio,Masc
Uahoomanaokahaku,Masc
Ualri,Masc
Ubajara,Masc
Ubaldo,Masc
Ubandara,Masc
Ubatã,Masc
Ubaúna,Masc
Uberaba,Masc
Ubirajara,Masc
Ubirani,Masc
Ubiratã,Masc
Ubá,Masc
Uchoa,Masc
Udalrico,Masc
Ufente,Masc
Ugo,Masc
Uirandi,Masc
Ula,Masc
Ulando,Masc
Ulf,Masc
Ulpiano,Masc
Ulric,Masc
Ulva,Masc
Ulysses,Masc
Ulísses,Masc
Umar,Masc
Umbelino,Masc
Umberto,Masc
Ume,Masc
Undine,Masc
Upiara,Masc
Upira,Masc
Upton,Masc
Urbano,Masc
Urbanus,Masc
Urias,Masc
Ursel,Masc
Urtigão,Masc
Ururaí,Masc
Urânia,Masc
Uzi,Masc
Uólace,Masc
Vadenberg,Masc
Vadim,Masc
Vagner,Masc
Valdec,Masc
Valdemar,Masc
Valdemiro,Masc
Valdir,Masc
Valdivino,Masc
Valdo,Masc
Valdomiro,Masc
Valdívio,Masc
Valentim,Masc
Valentin,Masc
Valentino,Masc
Valeriana,Masc
Valeriano,Masc
Valerie,Masc
Valfredo,Masc
Valmir,Masc
Valteno,Masc
Valter,Masc
Valério,Masc
Valêncio,Masc
Vanderlei,Masc
Vandique,Masc
Vehuiah,Masc
Venceslau,Masc
Venerando,Masc
Ventura,Masc
Venturada,Masc
Venâncio,Masc
Vergueiro,Masc
Veriano,Masc
Vero,Masc
Veríssimo,Masc
Vespasiano,Masc
Vesta,Masc
Viatã,Masc
Vicente,Masc
Vicenzo,Masc
Vicki,Masc
Victor,Masc
Victorine,Masc
Victorius,Masc
Vigílio,Masc
Vilalobos,Masc
Vilar,Masc
Vilarinho,Masc
Vilasboas,Masc
Vince,Masc
Vincent,Masc
Vinício,Masc
Vinícios,Masc
Vinícius,Masc
Violante,Masc
Violet,Masc
Virgil,Masc
Virgulino,Masc
Virgílio,Masc
Vital,Masc
Vitaliano,Masc
Vitoldo,Masc
Vittore,Masc
Vitório,Masc
Vladimir,Masc
Vladislau,Masc
Vladislav,Masc
Volimar,Masc
Volker,Masc
Volúpia,Masc
Vonda,Masc
Vougan,Masc
Vítor,Masc
Waclaw,Masc
Wady,Masc
Wagner,Masc
Waldir,Masc
Waldo,Masc
Waldrich,Masc
Walger,Masc
Wallace,Masc
Wallis,Masc
Walter,Masc
Walton,Masc
Waltrode,Masc
Wanderley,Masc
Wanderson,Masc
Wapasha,Masc
Ward,Masc
Warren,Masc
Washington,Masc
Wellerson,Masc
Wellington,Masc
Wendel,Masc
Wendler,Masc
Werner,Masc
Wesley,Masc
Weston,Masc
Wikoli,Masc
Wilfred,Masc
Wilian,Masc
William,Masc
Willian,Masc
Wilmar,Masc
Wilson,Masc
Wiltom,Masc
Wilton,Masc
Windsor,Masc
Winike,Masc
Winikeneke,Masc
Winston,Masc
Wolf,Masc
Wolfgang,Masc
Wolfran,Masc
Wunibald,Masc
Xadai,Masc
Xafic,Masc
Xafik,Masc
Xamã,Masc
Xande,Masc
Xandy,Masc
Xanthe,Masc
Xanthus,Masc
Xantipa,Masc
Xantipo,Masc
Xanto,Masc
Xarif,Masc
Xavier,Masc
Xenofonte,Masc
Xenofontes,Masc
Xenos,Masc
Xenócrates,Masc
Xereu,Masc
Xerxes,Masc
Xilon,Masc
Ximen,Masc
Ximenes,Masc
Xinavane,Masc
Xisto,Masc
Xoloni,Masc
Yacamin,Masc
Yachi,Masc
Yachne,Masc
Yago,Masc
Yahto,Masc
Yahya,Masc
Yair,Masc
Yakecan,Masc
Yale,Masc
Yan,Masc
Yancy,Masc
Yani,Masc
Yank,Masc
Yardley,Masc
Yasuhiko,Masc
Yates,Masc
Yehudi,Masc
Yente,Masc
Yentil,Masc
Yeray,Masc
Yerik,Masc
Yervant,Masc
Ygor,Masc
Yin,Masc
Yoshiaki,Masc
Youseef,Masc
Yule,Masc
Yure,Masc
Yuri,Masc
Yurio,Masc
Yves,Masc
Yvette,Masc
Yvon,Masc
Zabulão,Masc
Zacarias,Masc
Zaccheus,Masc
Zachary,Masc
Zaci,Masc
Zadeão,Masc
Zadoque,Masc
Zafriel,Masc
Zahi,Masc
Zahrah,Masc
Zaire,Masc
Zaki,Masc
Zalman,Masc
Zaltana,Masc
Zancheta,Masc
Zanchi,Masc
Zandoná,Masc
Zane,Masc
Zanetti,Masc
Zaniel,Masc
Zanini,Masc
Zaqueu,Masc
Zarco,Masc
Zared,Masc
Zareh,Masc
Zarek,Masc
Zariel,Masc
Zarão,Masc
Zattera,Masc
Zazu,Masc
Zebadiah,Masc
Zebilon,Masc
Zeca,Masc
Zed,Masc
Zedekiah,Masc
Zeferino,Masc
Zeki,Masc
Zelotes,Masc
Zenas,Masc
Zenir,Masc
Zenite,Masc
Zeno,Masc
Zenon,Masc
Zenóbio,Masc
Zephan,Masc
Zerbini,Masc
Zeto,Masc
Zeus,Masc
Zev,Masc
Zilma,Masc
Zola,Masc
Zoroastro,Masc
Zuriel,Masc
Zélio,Masc
Zózimo,Masc
Ácio,Masc
Ácmon,Masc
Ágron,Masc
Álcis,Masc
Álvaro,Masc
Ápio,Masc
Áquilas,Masc
Árcade,Masc
Ário,Masc
Átalo,Masc
Átila,Masc
Átis,Masc
Áureo,Masc
Ávila,Masc
Ângelo,Masc
Ébalo,Masc
Ébano,Masc
Éder,Masc
Éderson,Masc
Édipo,Masc
Éfeso,Masc
Égido,Masc
Égon,Masc
Élson,Masc
Élvio,Masc
Ésio,Masc
Éson,Masc
Étel,Masc
Éton,Masc
Ézio,Masc
Íamo,Masc
Ícaro,Masc
Ítaco,Masc
Ítalo,Masc
Óbulo,Masc
Únxia,Masc
Aagje,Fem
Aaliyah,Fem
Aaminah,Fem
Abana,Fem
Abati,Fem
Abayomi,Fem
Abdera,Fem
Abe,Fem
Abella,Fem
Abeona,Fem
Abigail,Fem
Abnara,Fem
Abra,Fem
Abá,Fem
Aca,Fem
Acalântis,Fem
Acemira,Fem
Aceí,Fem
Achila,Fem
Acidália,Fem
Acilda,Fem
Acilina,Fem
Acindina,Fem
Acira,Fem
Acirema,Fem
Aclima,Fem
Actéia,Fem
Acácia,Fem
Acília,Fem
Ada,Fem
Adail,Fem
Adalbéria,Fem
Adalfreda,Fem
Adalfrida,Fem
Adalgisa,Fem
Adalina,Fem
Adalvina,Fem
Adalzira,Fem
Adamantina,Fem
Adameire,Fem
Adamina,Fem
Addae,Fem
Addolorata,Fem
Adela,Fem
Adelaide,Fem
Adele,Fem
Adelfa,Fem
Adelina,Fem
Adeline,Fem
Adelita,Fem
Adelmarina,Fem
Adeona,Fem
Adilah,Fem
Adina,Fem
Adira,Fem
Adisa,Fem
Adolfina,Fem
Adonaide,Fem
Adora,Fem
Adorabela,Fem
Adoriabelle,Fem
Adorinda,Fem
Adosinda,Fem
Adozina,Fem
Adrastea,Fem
Adrastéia,Fem
Adriana,Fem
Adriane,Fem
Adriele,Fem
Adrienne,Fem
Adália,Fem
Adélia,Fem
Adília,Fem
Adônica,Fem
Aedona,Fem
Aegla,Fem
Aeron,Fem
Aeropa,Fem
Afife,Fem
Afonsina,Fem
Afra,Fem
Afrodite,Fem
Agar,Fem
Agathé,Fem
Agave,Fem
Agenora,Fem
Aghata,Fem
Aglaê,Fem
Agláia,Fem
Agnata,Fem
Agnes,Fem
Agnese,Fem
Agnodice,Fem
Agostina,Fem
Agripa,Fem
Aguilara,Fem
Ahsley,Fem
Aidê,Fem
Aileen,Fem
Ailika,Fem
Ailina,Fem
Aima,Fem
Aimara,Fem
Aimée,Fem
Aimê,Fem
Aineki,Fem
Airetama,Fem
Aisha,Fem
Aisó,Fem
Aixa,Fem
Aiyra,Fem
Aiça,Fem
Ajira,Fem
Ajyra,Fem
Akele,Fem
Akemi,Fem
Akeneki,Fem
Alaina,Fem
Alana,Fem
Alanis,Fem
Alarice,Fem
Alawara,Fem
Alaíde,Fem
Alba,Fem
Alberta,Fem
Albertina,Fem
Albina,Fem
Alcaçova,Fem
Alcina,Fem
Alcinda,Fem
Alcione,Fem
Alcipe,Fem
Alcmena,Fem
Alcântara,Fem
Alcídia,Fem
Alda,Fem
Aldara,Fem
Aldaíra,Fem
Alden,Fem
Alderita,Fem
Alderiva,Fem
Aldevina,Fem
Aldevira,Fem
Aldina,Fem
Aldora,Fem
Alegria,Fem
Aleit,Fem
Alejandra,Fem
Aleka,Fem
Alekena,Fem
Alekona,Fem
Aleluia,Fem
Alena,Fem
Alene,Fem
Alenica,Fem
Alepeka,Fem
Alesha,Fem
Alessa,Fem
Alessandra,Fem
Alessia,Fem
Alete,Fem
Alethea,Fem
Alethia,Fem
Alexa,Fem
Alexandra,Fem
Alexandrina,Fem
Alexia,Fem
Aliaá,Fem
Alice,Fem
Alida,Fem
Alika,Fem
Alikia,Fem
Alilat,Fem
Alina,Fem
Aline,Fem
Alison,Fem
Alita,Fem
Allegra,Fem
Allende,Fem
Alma,Fem
Almada,Fem
Almara,Fem
Almeidna,Fem
Almerinda,Fem
Almira,Fem
Alméria,Fem
Aloá,Fem
Altevira,Fem
Althaia,Fem
Althea,Fem
Altiva,Fem
Altéia,Fem
Alvarenga,Fem
Alvina,Fem
Alvise,Fem
Alzira,Fem
Alécia,Fem
Aléia,Fem
Alícia,Fem
Alípia,Fem
Alíria,Fem
Amabel,Fem
Amabília,Fem
Amada,Fem
Amalberga,Fem
Amalina,Fem
Amaltrudes,Fem
Amana,Fem
Amanacy,Fem
Amanara,Fem
Amanayara,Fem
Amanda,Fem
Amandina,Fem
Amandy,Fem
Amapola,Fem
Amara,Fem
Amary,Fem
Ambrogina,Fem
Ambrose,Fem
Ambrosina,Fem
Ambrósia,Fem
Amena,Fem
Amery,Fem
Ameríndia,Fem
Ametista,Fem
Amina,Fem
Aminda,Fem
Amira,Fem
Amy,Fem
Amábile,Fem
Amália,Fem
Amálie,Fem
Amélia,Fem
América,Fem
Amícia,Fem
Amósia,Fem
Ana,Fem
Anabel,Fem
Anabela,Fem
Anadir,Fem
Anadiônema,Fem
Anaide,Fem
Anais,Fem
Anajá,Fem
Analisa,Fem
Anami,Fem
Ananda,Fem
Anastasia,Fem
Anastácia,Fem
Anaxarete,Fem
Andina,Fem
Andirá,Fem
Andrea,Fem
Andreina,Fem
Andrelina,Fem
Andresa,Fem
Andressa,Fem
Andrija,Fem
Androcléia,Fem
Andrámaca,Fem
Andréa,Fem
Andréia,Fem
Andrômeda,Fem
Aneci,Fem
Anemone,Fem
Anes,Fem
Anete,Fem
Anfitrite,Fem
Angel,Fem
Angelina,Fem
Angelita,Fem
Angenora,Fem
Angerona,Fem
Angélica,Fem
Angícia,Fem
Anhaia,Fem
Ania,Fem
Anice,Fem
Anis,Fem
Anise,Fem
Anita,Fem
Anja,Fem
Anjuta,Fem
Ank,Fem
Anke,Fem
Anna,Fem
Anne,Fem
Annemarie,Fem
Anneta,Fem
Anni,Fem
Annie,Fem
Anninka,Fem
Anouk,Fem
Anselma,Fem
Anselme,Fem
Anselmina,Fem
Antelma,Fem
Anthea,Fem
Antianira,Fem
Anticléia,Fem
Antje,Fem
Antoinete,Fem
Antoinette,Fem
Antonieta,Fem
Antoniete,Fem
Antonina,Fem
Antonita,Fem
Antígona,Fem
Antônia,Fem
Anunciada,Fem
Anunciata,Fem
Anunciação,Fem
Anália,Fem
Anárcase,Fem
Anésia,Fem
Anêmola,Fem
Anícia,Fem
Anísia,Fem
Anúncia,Fem
Aparecida,Fem
Aparícia,Fem
Aphrodite,Fem
Apikalia,Fem
Apolina,Fem
Apolinária,Fem
Apolônia,Fem
Apoédia,Fem
Aquilina,Fem
Aquira,Fem
Arabela,Fem
Arabi,Fem
Aracelis,Fem
Aracema,Fem
Araci,Fem
Araciara,Fem
Aracne,Fem
Aracunda,Fem
Aracy,Fem
Aranha,Fem
Arani,Fem
Aretusa,Fem
Argemira,Fem
Argentina,Fem
Argira,Fem
Ariadne,Fem
Ariana,Fem
Ariane,Fem
Arianna,Fem
Aricema,Fem
Aricina,Fem
Aricléia,Fem
Ariele,Fem
Arienne,Fem
Arieta,Fem
Arinhã,Fem
Aristotelina,Fem
Aristéia,Fem
Aritana,Fem
Arlene,Fem
Arlete,Fem
Arlina,Fem
Arlinda,Fem
Arline,Fem
Armia,Fem
Armida,Fem
Arminda,Fem
Arriaga,Fem
Arrieta,Fem
Arrife,Fem
Arriola,Fem
Arsione,Fem
Artaschasa,Fem
Artemísia,Fem
Artémide,Fem
Artêmia,Fem
Aruana,Fem
Aryana,Fem
Arza,Fem
Ará,Fem
Arícia,Fem
Asher,Fem
Aspásia,Fem
Assunta,Fem
Astra,Fem
Astéria,Fem
Atalanta,Fem
Atalia,Fem
Ataléia,Fem
Augusta,Fem
Auricélia,Fem
Aurélia,Fem
Ayla,Fem
Azucena,Fem
Açucena,Fem
Aélia,Fem
Aída,Fem
Aônia,Fem
Babete,Fem
Baena,Fem
Baepeba,Fem
Baeta,Fem
Balbina,Fem
Balsamina,Fem
Bambi,Fem
Bambina,Fem
Bambuí,Fem
Bandeira,Fem
Baniwa,Fem
Banábil,Fem
Barata,Fem
Baraúna,Fem
Barbela,Fem
Barbie,Fem
Bariri,Fem
Barry,Fem
Bartira,Fem
Basiliana,Fem
Basilina,Fem
Basilissa,Fem
Basina,Fem
Batilde,Fem
Batistina,Fem
Bea,Fem
Beate,Fem
Beatrice,Fem
Beatriz,Fem
Beau,Fem
Beaumont,Fem
Beca,Fem
Becky,Fem
Bedelia,Fem
Belamina,Fem
Belano,Fem
Belca,Fem
Belfort,Fem
Belinda,Fem
Belisa,Fem
Belita,Fem
Bell,Fem
Bella,Fem
Belle,Fem
Belmira,Fem
Belá,Fem
Bendita,Fem
Benedita,Fem
Beni,Fem
Benigna,Fem
Benilda,Fem
Benjamine,Fem
Benoite,Fem
Benta,Fem
Benévola,Fem
Benícia,Fem
Berdine,Fem
Berenice,Fem
Bernadete,Fem
Bernadette,Fem
Bernarda,Fem
Bernardine,Fem
Bernice,Fem
Berry,Fem
Bersabé,Fem
Berta,Fem
Bertha,Fem
Berthe,Fem
Bertina,Fem
Beryl,Fem
Bessie,Fem
Bete,Fem
Betel,Fem
Beth,Fem
Bethany,Fem
Betina,Fem
Betsabé,Fem
Betsy,Fem
Bettina,Fem
Betty,Fem
Betânia,Fem
Beverly,Fem
Beviláqua,Fem
Bianca,Fem
Bibiana,Fem
Birgit,Fem
Birgitta,Fem
Bizet,Fem
Blanche,Fem
Blanck,Fem
Blanda,Fem
Blandina,Fem
Blandícia,Fem
Blenda,Fem
Bocaiúva,Fem
Bolina,Fem
Bonifácia,Fem
Bonina,Fem
Bonita,Fem
Bonnie,Fem
Borja,Fem
Boyrá,Fem
Branca,Fem
Brandi,Fem
Branka,Fem
Brasiliana,Fem
Brenda,Fem
Brenna,Fem
Bridget,Fem
Brigita,Fem
Brigite,Fem
Brita,Fem
Brites,Fem
Britta,Fem
Britânia,Fem
Brumália,Fem
Bruna,Fem
Bruneida,Fem
Brunhilde,Fem
Brunilda,Fem
Brunnah,Fem
Brígida,Fem
Budant,Fem
Buriti,Fem
Burle,Fem
Bárbara,Fem
Báucide,Fem
Béroe,Fem
Cacilda,Fem
Cacéres,Fem
Cadi,Fem
Cadile,Fem
Caeté,Fem
Cafene,Fem
Cafira,Fem
Caillet,Fem
Cairu,Fem
Caitlin,Fem
Caitria,Fem
Cajaty,Fem
Caledônia,Fem
Calidora,Fem
Caliméria,Fem
Calina,Fem
Calista,Fem
Calix,Fem
Calídice,Fem
Calíope,Fem
Camapuã,Fem
Cambuci,Fem
Cambuquira,Fem
Camby,Fem
Cambyçara,Fem
Camena,Fem
Cameron,Fem
Camila,Fem
Camille,Fem
Camocim,Fem
Campbel,Fem
Camury,Fem
Camélia,Fem
Canará,Fem
Candal,Fem
Candy,Fem
Canet,Fem
Canirim,Fem
Capitolina,Fem
Capotira,Fem
Caprina,Fem
Cara,Fem
Carina,Fem
Carla,Fem
Carly,Fem
Carmela,Fem
Carmeliana,Fem
Carmelina,Fem
Carmelinda,Fem
Carmelita,Fem
Carmem,Fem
Carmen,Fem
Carmo,Fem
Carmélia,Fem
Carol,Fem
Carola,Fem
Carolina,Fem
Caroline,Fem
Caron,Fem
Carrie,Fem
Casira,Fem
Cass,Fem
Cassandra,Fem
Cassarah,Fem
Cassiana,Fem
Cassidy,Fem
Cassilda,Fem
Castelar,Fem
Catarina,Fem
Caterina,Fem
Catherine,Fem
Catira,Fem
Catrina,Fem
Caturama,Fem
Cayari,Fem
Caássica,Fem
Caçapava,Fem
Ceci,Fem
Cecília,Fem
Celandine,Fem
Celeste,Fem
Celimena,Fem
Celina,Fem
Celiny,Fem
Cembira,Fem
Cendi,Fem
Cendira,Fem
Cendyl,Fem
Ceres,Fem
Ceressa,Fem
Cesarina,Fem
Chad,Fem
Chandra,Fem
Chandãli,Fem
Charissa,Fem
Charla,Fem
Charlene,Fem
Charlote,Fem
Charna,Fem
Chase,Fem
Chede,Fem
Cherry,Fem
Chiara,Fem
Christianna,Fem
Chrysanta,Fem
Chun,Fem
Churi,Fem
Cibele,Fem
Cida,Fem
Cilene,Fem
Cimeína,Fem
Cinara,Fem
Cindra,Fem
Cinira,Fem
Cinzia,Fem
Cipoúna,Fem
Cipriana,Fem
Claire,Fem
Clara,Fem
Clare,Fem
Clarence,Fem
Clarice,Fem
Clarimunda,Fem
Clarina,Fem
Clarinda,Fem
Clarissa,Fem
Clarisse,Fem
Clarita,Fem
Claudete,Fem
Claudiana,Fem
Claudina,Fem
Claudine,Fem
Clay,Fem
Cleanto,Fem
Cleide,Fem
Clementine,Fem
Clemência,Fem
Cleonice,Fem
Cleusa,Fem
Cleópatra,Fem
Climênia,Fem
Clorinda,Fem
Clothilde,Fem
Clotilde,Fem
Cloé,Fem
Cláudia,Fem
Cléia,Fem
Clélia,Fem
Cléo,Fem
Clície,Fem
Clínia,Fem
Clíntia,Fem
Clítia,Fem
Coaraci,Fem
Cobé,Fem
Coema,Fem
Colares,Fem
Colomba,Fem
Colombina,Fem
Conceição,Fem
Concepcion,Fem
Concórdia,Fem
Connie,Fem
Constance,Fem
Constantina,Fem
Constância,Fem
Consuelo,Fem
Cora,Fem
Corallina,Fem
Cordula,Fem
Cordélia,Fem
Corin,Fem
Corina,Fem
Cornélia,Fem
Corália,Fem
Cotiguara,Fem
Courtney,Fem
Cremilda,Fem
Crescenzia,Fem
Crescência,Fem
Crespi,Fem
Creta,Fem
Creusa,Fem
Cristal,Fem
Cristiana,Fem
Cristina,Fem
Cristália,Fem
Cunina,Fem
Cynthia,Fem
Cábira,Fem
Cássia,Fem
Cátia,Fem
Cânace,Fem
Cândia,Fem
Cândida,Fem
Cécile,Fem
Célia,Fem
Célica,Fem
Cíntia,Fem
Cólchida,Fem
Dafne,Fem
Dagmara,Fem
Dagny,Fem
Daisy,Fem
Dakarai,Fem
Dakota,Fem
Dale,Fem
Dalila,Fem
Dalmira,Fem
Dalva,Fem
Dalvina,Fem
Dalziza,Fem
Damarina,Fem
Damiana,Fem
Dana,Fem
Dandara,Fem
Daniela,Fem
Danielle,Fem
Danika,Fem
Danila,Fem
Danita,Fem
Danuta,Fem
Daphné,Fem
Daria,Fem
Darlene,Fem
Darã,Fem
Daslange,Fem
Davena,Fem
Davina,Fem
Dayane,Fem
Dayse,Fem
Daíra,Fem
Debbie,Fem
Deborah,Fem
Debra,Fem
Deise,Fem
Dejanir,Fem
Dejanira,Fem
Delamar,Fem
Delamare,Fem
Delamari,Fem
Delfina,Fem
Delta,Fem
Demeter,Fem
Demétria,Fem
Demóstenes,Fem
Dena,Fem
Denise,Fem
Deolinda,Fem
Desdêmona,Fem
Desidéria,Fem
Desiré,Fem
Destiny,Fem
Deusdetina,Fem
Deva,Fem
Deífila,Fem
Diacira,Fem
Diacuí,Fem
Diadema,Fem
Diana,Fem
Diane,Fem
Dicéa,Fem
Dicéia,Fem
Digna,Fem
Dilma,Fem
Dilza,Fem
Dina,Fem
Dinah,Fem
Dinair,Fem
Dinartea,Fem
Dinorá,Fem
Diná,Fem
Diolinda,Fem
Diomara,Fem
Dione,Fem
Dionira,Fem
Diores,Fem
Dirce,Fem
Diva,Fem
Divinalda,Fem
Djalmira,Fem
Djamila,Fem
Djamira,Fem
Dolores,Fem
Dominga,Fem
Dominique,Fem
Domência,Fem
Dona,Fem
Donata,Fem
Donatella,Fem
Donatienne,Fem
Donna,Fem
Donátila,Fem
Dora,Fem
Doralice,Fem
Dorcas,Fem
Dores,Fem
Doreta,Fem
Dorothea,Fem
Dorothy,Fem
Dorotéia,Fem
Dulce,Fem
Dulcelina,Fem
Dulcie,Fem
Dulcinéia,Fem
Duncan,Fem
Dustin,Fem
Dácia,Fem
Dália,Fem
Dávila,Fem
Dâmaris,Fem
Déa,Fem
Débora,Fem
Déia,Fem
Désirée,Fem
Dídima,Fem
Dórida,Fem
Ebe,Fem
Ebira,Fem
Echo,Fem
Ecira,Fem
Ecália,Fem
Eda,Fem
Edagmara,Fem
Edana,Fem
Edelina,Fem
Edeline,Fem
Edelmira,Fem
Edileusa,Fem
Edina,Fem
Edissa,Fem
Edite,Fem
Edith,Fem
Edmara,Fem
Edna,Fem
Ednalva,Fem
Ednaré,Fem
Ednilda,Fem
Eduarda,Fem
Edwiges,Fem
Edwina,Fem
Edésia,Fem
Edênica,Fem
Efrata,Fem
Eglantina,Fem
Egídia,Fem
Ehwina,Fem
Eileen,Fem
Eilen,Fem
Eirapuã,Fem
Eirati,Fem
Eiruba,Fem
Ekika,Fem
Elaine,Fem
Elba,Fem
Elbia,Fem
Elcana,Fem
Elea,Fem
Electa,Fem
Electra,Fem
Elen,Fem
Elena,Fem
Eleonora,Fem
Elga,Fem
Elia,Fem
Eliabe,Fem
Eliade,Fem
Eliana,Fem
Eliane,Fem
Elika,Fem
Elis,Fem
Elisa,Fem
Elisabete,Fem
Elisabeth,Fem
Elisha,Fem
Elissa,Fem
Elisângela,Fem
Eliza,Fem
Elizabete,Fem
Elizabeth,Fem
Elke,Fem
Ellen,Fem
Elma,Fem
Elmara,Fem
Elmira,Fem
Eloina,Fem
Eloise,Fem
Eloá,Fem
Eloísa,Fem
Elsa,Fem
Else,Fem
Elsie,Fem
Elva,Fem
Elvira,Fem
Elza,Fem
Elzira,Fem
Elódia,Fem
Ema,Fem
Emaci,Fem
Emanuela,Fem
Emeline,Fem
Emereciana,Fem
Emereciano,Fem
Emerenciana,Fem
Emi,Fem
Emiliana,Fem
Emilie,Fem
Emilly,Fem
Emily,Fem
Emitima,Fem
Emma,Fem
Emmanuelle,Fem
Emélia,Fem
Emérita,Fem
Emília,Fem
Ena,Fem
Endyra,Fem
Enedina,Fem
Eneida,Fem
Enery,Fem
Engrácia,Fem
Eni,Fem
Enid,Fem
Enide,Fem
Enoma,Fem
Entória,Fem
Eora,Fem
Epifânia,Fem
Epona,Fem
Ercília,Fem
Ereíma,Fem
Erla,Fem
Ermelinda,Fem
Ermengarda,Fem
Ermesinda,Fem
Erondina,Fem
Erotides,Fem
Erotildes,Fem
Ervina,Fem
Erê,Fem
Esmeralda,Fem
Esméria,Fem
Esperanza,Fem
Esperança,Fem
Estefânia,Fem
Estela,Fem
Ester,Fem
Esther,Fem
Estácia,Fem
Etama,Fem
Etna,Fem
Etzel,Fem
Eucaris,Fem
Eucléia,Fem
Eucádia,Fem
Eudine,Fem
Eudora,Fem
Eudócia,Fem
Eudóxia,Fem
Eufena,Fem
Eufrásia,Fem
Eufêmia,Fem
Eugene,Fem
Eugênia,Fem
Eulice,Fem
Eulina,Fem
Eulália,Fem
Eunice,Fem
Eurides,Fem
Euridice,Fem
Euríale,Fem
Eustáquia,Fem
Eusébia,Fem
Eutália,Fem
Eva,Fem
Evangelina,Fem
Evangeline,Fem
Evelin,Fem
Evelina,Fem
Eveline,Fem
Evelyn,Fem
Evita,Fem
Evódia,Fem
Ewa,Fem
Ezra,Fem
Eça,Fem
Eçabara,Fem
Eçai,Fem
Eçaiara,Fem
Eçajira,Fem
Eçara,Fem
Eçaraia,Fem
Eçauna,Fem
Fabiana,Fem
Fabiane,Fem
Fabienne,Fem
Fabrice,Fem
Fabrícia,Fem
Fabíola,Fem
Fani,Fem
Fanny,Fem
Farah,Fem
Farida,Fem
Farrah,Fem
Fauna,Fem
Fay,Fem
Feba,Fem
Febe,Fem
Fedra,Fem
Felicien,Fem
Felicienne,Fem
Felicity,Fem
Felina,Fem
Felisa,Fem
Fernanda,Fem
Ferônia,Fem
Filipa,Fem
Filomela,Fem
Filomena,Fem
Filotéia,Fem
Flamínia,Fem
Flavie,Fem
Floide,Fem
Flora,Fem
Florbela,Fem
Florence,Fem
Florentina,Fem
Flori,Fem
Floriana,Fem
Florinda,Fem
Floripes,Fem
Florisbela,Fem
Florália,Fem
Florência,Fem
Florípedes,Fem
Flávia,Fem
Flórida,Fem
Franceline,Fem
Frances,Fem
Francesca,Fem
Franciele,Fem
Francine,Fem
Francis,Fem
Francisca,Fem
Franziska,Fem
Françoise,Fem
Freda,Fem
Frederica,Fem
Freya,Fem
Frida,Fem
Frieda,Fem
Fréia,Fem
Fulgência,Fem
Fuyuki,Fem
Fábia,Fem
Fátima,Fem
Fátma,Fem
Fátua,Fem
Fúlvia,Fem
Gabala,Fem
Gabina,Fem
Gabriela,Fem
Gabriele,Fem
Gabrielle,Fem
Gaby,Fem
Gadelha,Fem
Gaia,Fem
Gail,Fem
Gaila,Fem
Gal,Fem
Galadriel,Fem
Galatéia,Fem
Galdina,Fem
Galdência,Fem
Gale,Fem
Galeba,Fem
Galen,Fem
Galena,Fem
Galéria,Fem
Gamélia,Fem
Garamântia,Fem
Gardênia,Fem
Gareth,Fem
Gavina,Fem
Gaye,Fem
Gayla,Fem
Geisila,Fem
Geisla,Fem
Gelásia,Fem
Gemma,Fem
Gena,Fem
Genara,Fem
Genciana,Fem
Gene,Fem
Genebra,Fem
Generosa,Fem
Genetílides,Fem
Genevieve,Fem
Genevra,Fem
Genoveva,Fem
Genésia,Fem
Georgete,Fem
Georgina,Fem
Geovana,Fem
Geovanna,Fem
Geralda,Fem
Germaine,Fem
Germana,Fem
Gersam,Fem
Gerthe,Fem
Gertrudes,Fem
Gertruida,Fem
Gerusa,Fem
Geruza,Fem
Gerânia,Fem
Geslinda,Fem
Getúlia,Fem
Geórgia,Fem
Ghislaine,Fem
Gia,Fem
Giane,Fem
Giani,Fem
Giannina,Fem
Gigi,Fem
Gilca,Fem
Gilcimar,Fem
Gilda,Fem
Gilmara,Fem
Gilvaneide,Fem
Gina,Fem
Gioconda,Fem
Giordana,Fem
Giovana,Fem
Giovanna,Fem
Girani,Fem
Gisa,Fem
Gisel,Fem
Gisela,Fem
Giselda,Fem
Gisele,Fem
Giselle,Fem
Gislaim,Fem
Gislaine,Fem
Gisleine,Fem
Gita,Fem
Giulia,Fem
Giuliana,Fem
Giuseppina,Fem
Giórgia,Fem
Gladis,Fem
Gladyr,Fem
Glauce,Fem
Glaucia,Fem
Glaucipe,Fem
Glaura,Fem
Gleide,Fem
Gleusa,Fem
Glice,Fem
Glicéria,Fem
Glória,Fem
Godiva,Fem
Godofreda,Fem
Goiana,Fem
Goreti,Fem
Grace,Fem
Gracia,Fem
Graciana,Fem
Graciela,Fem
Granada,Fem
Grania,Fem
Grata,Fem
Grazia,Fem
Graziela,Fem
Grazina,Fem
Graça,Fem
Greca,Fem
Greice,Fem
Greta,Fem
Grete,Fem
Griselda,Fem
Guacira,Fem
Guadalupe,Fem
Guapira,Fem
Guaracema,Fem
Guaraci,Fem
Guaraciaba,Fem
Guaraciara,Fem
Guaratinga,Fem
Guaraúna,Fem
Guaíra,Fem
Guida,Fem
Guilhermina,Fem
Guinete,Fem
Guiomar,Fem
Gwenda,Fem
Gwineth,Fem
Gálata,Fem
Gália,Fem
Gândara,Fem
Géia,Fem
Gênesis,Fem
H,Fem
Habel,Fem
Hadassa,Fem
Hagite,Fem
Haidee,Fem
Haidéia,Fem
Haidê,Fem
Haikela,Fem
Hala,Fem
Halias,Fem
Halikaka,Fem
Halina,Fem
Halola,Fem
Halona,Fem
Hamadríade,Fem
Hamed,Fem
Hana,Fem
Hani,Fem
Hannah,Fem
Hanâni,Fem
Harpina,Fem
Hava,Fem
Haydée,Fem
Hazael,Fem
Hebe,Fem
Hedda,Fem
Hedviges,Fem
Hegla,Fem
Heidi,Fem
Heike,Fem
Heiki,Fem
Hekele,Fem
Hekewika,Fem
Helbia,Fem
Hele,Fem
Helen,Fem
Helena,Fem
Helene,Fem
Heliodora,Fem
Hellen,Fem
Heloise,Fem
Heloísa,Fem
Helvina,Fem
Helvécia,Fem
Helância,Fem
Henedina,Fem
Henriqueta,Fem
Hera,Fem
Heracléia,Fem
Hercília,Fem
Hermione,Fem
Herondina,Fem
Hersília,Fem
Herta,Fem
Herádia,Fem
Hideaki,Fem
Hideki,Fem
Hilda,Fem
Hilde,Fem
Hilma,Fem
Hilária,Fem
Hipereides,Fem
Hipólita,Fem
Hirana,Fem
Holda,Fem
Holly,Fem
Honorata,Fem
Hortênsia,Fem
Horácia,Fem
Hosana,Fem
Hulda,Fem
Hypséa,Fem
Hálima,Fem
Hécuba,Fem
Hélcias,Fem
Hérica,Fem
Iabá,Fem
Iaceê,Fem
Iaci,Fem
Iacina,Fem
Iadah,Fem
Iana,Fem
Iandara,Fem
Iara,Fem
Iasmin,Fem
Ibarama,Fem
Ibarantâ,Fem
Ibaretama,Fem
Iberaba,Fem
Ibiacema,Fem
Ibiama,Fem
Ibiara,Fem
Ibitira,Fem
Ibiúna,Fem
Ibotira,Fem
Ibotirama,Fem
Ibsen,Fem
Ida,Fem
Idalina,Fem
Iderê,Fem
Idesta,Fem
Idália,Fem
Ieda,Fem
Iemanjá,Fem
Ierê,Fem
Ifigênia,Fem
Ifimedia,Fem
Igapira,Fem
Igara,Fem
Ignês,Fem
Iguana,Fem
Ihelane,Fem
Ikepela,Fem
Ilana,Fem
Ilca,Fem
Ileina,Fem
Ilka,Fem
Ilsa,Fem
Ilíone,Fem
Ilítia,Fem
Imaculada,Fem
Imelda,Fem
Imelde,Fem
Imira,Fem
Inaiê,Fem
Inaé,Fem
Indira,Fem
Inema,Fem
Ingrid,Fem
Ingride,Fem
Inocência,Fem
Inácia,Fem
Inã,Fem
Inês,Fem
Inêz,Fem
Ioana,Fem
Iodâmia,Fem
Iolanda,Fem
Ione,Fem
Ioná,Fem
Iori,Fem
Ipana,Fem
Ipoema,Fem
Ipuã,Fem
Ipê,Fem
Ira,Fem
Iracema,Fem
Iraci,Fem
Irani,Fem
Iratama,Fem
Irecê,Fem
Irene,Fem
Irenia,Fem
Irma,Fem
Isa,Fem
Isabel,Fem
Isabela,Fem
Isabele,Fem
Isadora,Fem
Isaura,Fem
Isidora,Fem
Isidore,Fem
Isis,Fem
Islena,Fem
Isméria,Fem
Ismênia,Fem
Isolda,Fem
Isolina,Fem
Isra,Fem
Issa,Fem
Itacira,Fem
Itanema,Fem
Itapema,Fem
Itaperuna,Fem
Itaúna,Fem
Ivana,Fem
Ivani,Fem
Ivanice,Fem
Ivete,Fem
Ivone,Fem
Ivy,Fem
Izabel,Fem
Izabele,Fem
Izilcara,Fem
Izolina,Fem
Izolita,Fem
Ióle,Fem
Iúna,Fem
Jaci,Fem
Jaciaba,Fem
Jaciara,Fem
Jaciema,Fem
Jacimar,Fem
Jacina,Fem
Jacinira,Fem
Jacinta,Fem
Jacira,Fem
Jacirema,Fem
Jack,Fem
Jaclyn,Fem
Jacobina,Fem
Jacqueline,Fem
Jada,Fem
Jade,Fem
Jaima,Fem
Jamie,Fem
Jamila,Fem
Jamile,Fem
Janaina,Fem
Janarí,Fem
Jandaia,Fem
Jandaíra,Fem
Jandira,Fem
Jane,Fem
Janel,Fem
Janelle,Fem
Janet,Fem
Janete,Fem
Janice,Fem
Janine,Fem
Japira,Fem
Jaqueline,Fem
Jarina,Fem
Jathara,Fem
Jayma,Fem
Jaçara,Fem
Jeane,Fem
Jeanette,Fem
Jeanine,Fem
Jeceara,Fem
Jekaterina,Fem
Jemima,Fem
Jemime,Fem
Jenifari,Fem
Jenifer,Fem
Jennifer,Fem
Jerema,Fem
Jerusa,Fem
Jerusha,Fem
Jesebel,Fem
Jessamina,Fem
Jessie,Fem
Jessy,Fem
Jesuína,Fem
Joana,Fem
Joannes,Fem
Jocasta,Fem
Joelma,Fem
Joice,Fem
Jolene,Fem
Jordana,Fem
Joseane,Fem
Josefa,Fem
Josefina,Fem
Joseline,Fem
Josenilda,Fem
Josenilde,Fem
Josephine,Fem
Josi,Fem
Josiana,Fem
Josie,Fem
Josélia,Fem
Jovita,Fem
Joyce,Fem
Joás,Fem
Juacira,Fem
Juanita,Fem
Juarana,Fem
Juatama,Fem
Jubaia,Fem
Judi,Fem
Judit,Fem
Judite,Fem
Judith,Fem
Judy,Fem
Juliana,Fem
Julianne,Fem
Julie,Fem
Julieta,Fem
Julliana,Fem
June,Fem
Jupiara,Fem
Jupira,Fem
Jurandira,Fem
Jurema,Fem
Juruna,Fem
Jussara,Fem
Justa,Fem
Justina,Fem
Justine,Fem
Jutta,Fem
Juvenca,Fem
Juvência,Fem
Juçana,Fem
Jéssica,Fem
Jênie,Fem
Júlia,Fem
Júnia,Fem
Kabza,Fem
Kadichari,Fem
Kaiki,Fem
Kaila,Fem
Kailani,Fem
Kailene,Fem
Kailina,Fem
Kakalina,Fem
Kaki,Fem
Kalamela,Fem
Kalena,Fem
Kali,Fem
Kalina,Fem
Kalola,Fem
Kalolaina,Fem
Kamealamalama,Fem
Kami,Fem
Kamila,Fem
Kammille,Fem
Kanakake,Fem
Kanake,Fem
Kanela,Fem
Kanike,Fem
Kaolin,Fem
Karen,Fem
Kari,Fem
Karim,Fem
Karin,Fem
Karina,Fem
Karine,Fem
Karla,Fem
Karly,Fem
Karol,Fem
Karolina,Fem
Karoline,Fem
Karolyn,Fem
Kasandra,Fem
Katarina,Fem
Kate,Fem
Katherine,Fem
Kathy,Fem
Katya,Fem
Kaylane,Fem
Keaka,Fem
Keakakona,Fem
Keike,Fem
Keiko,Fem
Keila,Fem
Keke,Fem
Keki,Fem
Kelama,Fem
Kelda,Fem
Keleka,Fem
Keli,Fem
Kelika,Fem
Kelly,Fem
Kely,Fem
Kemal,Fem
Kerensa,Fem
Kerina,Fem
Kerstin,Fem
Khadija,Fem
Kiara,Fem
Kiera,Fem
Kika,Fem
Kilakila,Fem
Kin,Fem
Kiopaa,Fem
Kira,Fem
Kodia,Fem
Konia,Fem
Kopi,Fem
Krishna,Fem
Krista,Fem
Kristal,Fem
Ksenia,Fem
Ksenya,Fem
Kuana,Fem
Kuanna,Fem
Kuarashí,Fem
Kuat,Fem
Kumari,Fem
Kurumí,Fem
Kuumomimakamae,Fem
Kyung-Soon,Fem
Kássia,Fem
Kátia,Fem
Kélia,Fem
Laa,Fem
Labda,Fem
Lacerda,Fem
Ladária,Fem
Lafaiete,Fem
Lafontaine,Fem
Laguna,Fem
Laila,Fem
Laimana,Fem
Laina,Fem
Lais,Fem
Lakina,Fem
Lakshmi,Fem
Lala,Fem
Lamartine,Fem
Lamenha,Fem
Lamona,Fem
Lana,Fem
Lanake,Fem
Lanassa,Fem
Lane,Fem
Lanete,Fem
Lani,Fem
Lara,Fem
Larisa,Fem
Larissa,Fem
Latasha,Fem
Latonia,Fem
Latóya,Fem
Lauda,Fem
Laudália,Fem
Laula,Fem
Laulena,Fem
Laura,Fem
Laureana,Fem
Laureen,Fem
Lauretta,Fem
Laurinda,Fem
Laverna,Fem
Laverne,Fem
Lavone,Fem
Lavínea,Fem
Lavínia,Fem
Layla,Fem
Laísa,Fem
Lea,Fem
Leah,Fem
Leandra,Fem
Lecanora,Fem
Leda,Fem
Leikela,Fem
Leila,Fem
Leilane,Fem
Lekana,Fem
Lekinala,Fem
Lelanta,Fem
Lelitia,Fem
Lemuela,Fem
Lena,Fem
Lenita,Fem
Lenora,Fem
Leomira,Fem
Leonor,Fem
Leoní,Fem
Lepeka,Fem
Letice,Fem
Letícia,Fem
Leucósia,Fem
Levinda,Fem
Leônia,Fem
Leônidas,Fem
Li,Fem
Lia,Fem
Liberata,Fem
Libânia,Fem
Lidiane,Fem
Lidya,Fem
Lika,Fem
Liki,Fem
Lila,Fem
Liliam,Fem
Lilian,Fem
Liliana,Fem
Liliane,Fem
Lilite,Fem
Lilith,Fem
Lilsa,Fem
Lily,Fem
Lincoln,Fem
Linda,Fem
Lindalva,Fem
Lindoia,Fem
Line,Fem
Linei,Fem
Linfa,Fem
Linh,Fem
Lis,Fem
Lisete,Fem
Lissa,Fem
Lissandra,Fem
Liuba,Fem
Liz,Fem
Lokelani,Fem
Lokele,Fem
Lolita,Fem
Lopeka,Fem
Lora,Fem
Lorena,Fem
Lorenza,Fem
Loreta,Fem
Lorinda,Fem
Lorna,Fem
Lorraine,Fem
Lotis,Fem
Louise,Fem
Lourdes,Fem
Lua,Fem
Luana,Fem
Luce,Fem
Lucena,Fem
Luci,Fem
Luciana,Fem
Lucidora,Fem
Lucien,Fem
Luciene,Fem
Lucila,Fem
Lucimar,Fem
Lucina,Fem
Lucineide,Fem
Lucrécia,Fem
Lucélia,Fem
Lucíola,Fem
Ludmila,Fem
Ludovica,Fem
Luise,Fem
Luiza,Fem
Luiziane,Fem
Luma,Fem
Lumiana,Fem
Luna,Fem
Lupicínia,Fem
Lurdes,Fem
Luzia,Fem
Luísa,Fem
Luíza,Fem
Lydia,Fem
Lyuba,Fem
Lâmia,Fem
Lâseja,Fem
Léa,Fem
Léia,Fem
Lélia,Fem
Líbia,Fem
Lídia,Fem
Lígia,Fem
Lívia,Fem
Lúcia,Fem
Maala,Fem
Mabelle,Fem
Macieira,Fem
Macrina,Fem
Macária,Fem
Madalena,Fem
Maddalena,Fem
Madel,Fem
Madelberta,Fem
Madeleine,Fem
Madelina,Fem
Madeline,Fem
Madressilva,Fem
Maes,Fem
Mafalda,Fem
Magali,Fem
Magda,Fem
Magdalena,Fem
Magide,Fem
Magna,Fem
Magnólia,Fem
Mahaoo,Fem
Mahina,Fem
Maiara,Fem
Maida,Fem
Maike,Fem
Mainara,Fem
Maire,Fem
Maisa,Fem
Maitê,Fem
Makelina,Fem
Maleah,Fem
Malie,Fem
Malika,Fem
Malina,Fem
Malka,Fem
Mallory,Fem
Malori,Fem
Maluhia,Fem
Malva,Fem
Malvina,Fem
Manacá,Fem
Manai,Fem
Manaolana,Fem
Mandi,Fem
Mandy,Fem
Manhaná,Fem
Manjusha,Fem
Manoela,Fem
Mansueto,Fem
Manuela,Fem
Manuella,Fem
Mara,Fem
Marana,Fem
Maraneíma,Fem
Maraíra,Fem
Marcela,Fem
Marcolina,Fem
Margarete,Fem
Margareth,Fem
Margarida,Fem
Margarit,Fem
Margot,Fem
Margô,Fem
Mari,Fem
Maria,Fem
Mariah,Fem
Mariam,Fem
Mariana,Fem
Maricy,Fem
Maricí,Fem
Maricília,Fem
Marie,Fem
Mariel,Fem
Marielsa,Fem
Marietta,Fem
Marija,Fem
Marilda,Fem
Marilena,Fem
Marilene,Fem
Marilse,Fem
Marilú,Fem
Marina,Fem
Maris,Fem
Marisa,Fem
Marise,Fem
Maristela,Fem
Mariucha,Fem
Marjani,Fem
Marjorie,Fem
Marjory,Fem
Marla,Fem
Marlena,Fem
Marlene,Fem
Marli,Fem
Marlise,Fem
Marta,Fem
Martha,Fem
Marva,Fem
Marvel,Fem
Mary,Fem
Marília,Fem
Maríndia,Fem
Matilda,Fem
Matilde,Fem
Matutina,Fem
Mauad,Fem
Maura,Fem
Maurícia,Fem
Maximiliana,Fem
Maximilienne,Fem
Mayara,Fem
Maíra,Fem
Medéia,Fem
Meire,Fem
Mel,Fem
Melanie,Fem
Melca,Fem
Melina,Fem
Melinda,Fem
Melissa,Fem
Melpone,Fem
Melvina,Fem
Melânia,Fem
Mena,Fem
Menelaia,Fem
Mera,Fem
Mercedes,Fem
Messina,Fem
Metanira,Fem
Mi-Cha,Fem
Mia,Fem
Micaela,Fem
Micarla,Fem
Michela,Fem
Michele,Fem
Michelle,Fem
Micol,Fem
Milena,Fem
Mina,Fem
Minna,Fem
Mira,Fem
Mirabel,Fem
Mirabele,Fem
Miracema,Fem
Miraglia,Fem
Miranda,Fem
Mirela,Fem
Mirelle,Fem
Miriam,Fem
Mirian,Fem
Mirina,Fem
Mirna,Fem
Mirta,Fem
Mirza,Fem
Moama,Fem
Modesta,Fem
Moema,Fem
Mona,Fem
Monalisa,Fem
Moneta,Fem
Monique,Fem
Morgana,Fem
Munira,Fem
Murana,Fem
Murta,Fem
Musa,Fem
Musidora,Fem
Myra,Fem
Myrcia,Fem
Myrella,Fem
Mácris,Fem
Márcia,Fem
Márica,Fem
Máxima,Fem
Mégara,Fem
Mélia,Fem
Mência,Fem
Míria,Fem
Mória,Fem
Mônica,Fem
Múcia,Fem
Múrcia,Fem
Nadezhda,Fem
Nadi,Fem
Nadir,Fem
Nady,Fem
Naiara,Fem
Naida,Fem
Nair,Fem
Naira,Fem
Naja,Fem
Najla,Fem
Nakana,Fem
Nakine,Fem
Nanci,Fem
Nancy,Fem
Naneki,Fem
Nanette,Fem
Nanine,Fem
Naná,Fem
Nanã,Fem
Naomi,Fem
Napéia,Fem
Nara,Fem
Naréa,Fem
Nassima,Fem
Natacha,Fem
Natalie,Fem
Natasha,Fem
Nathalia,Fem
Natália,Fem
Nayany,Fem
Nayara,Fem
Nazariela,Fem
Nazira,Fem
Nazária,Fem
Nazário,Fem
Naíma,Fem
Neda,Fem
Neica,Fem
Neida,Fem
Neide,Fem
Neila,Fem
Neiva,Fem
Nelita,Fem
Nelly,Fem
Neméia,Fem
Neputira,Fem
Nereza,Fem
Neriah,Fem
Nerina,Fem
Nerine,Fem
Neriá,Fem
Neusa,Fem
Neyany,Fem
Neófita,Fem
Niara,Fem
Nice,Fem
Nicias,Fem
Nicole,Fem
Nicéia,Fem
Nila,Fem
Nilce,Fem
Nilda,Fem
Nildete,Fem
Nilma,Fem
Nilme,Fem
Nilza,Fem
Nina,Fem
Nirvana,Fem
Nise,Fem
Nita,Fem
Noa,Fem
Noemi,Fem
Noemia,Fem
Nola,Fem
Noleka,Fem
Nolemana,Fem
Nolina,Fem
Nona,Fem
Nora,Fem
Norina,Fem
Norma,Fem
Noéa,Fem
Noélia,Fem
Nuna,Fem
Nádia,Fem
Náiade,Fem
Nássera,Fem
Néia,Fem
Néria,Fem
Nênia,Fem
Nícia,Fem
Nívea,Fem
Nívia,Fem
Nórcia,Fem
Núbia,Fem
Núncia,Fem
Ocirema,Fem
Ocrísia,Fem
Octávia,Fem
Odemara,Fem
Odemira,Fem
Odessa,Fem
Odete,Fem
Odila,Fem
Odélia,Fem
Odória,Fem
Ofélia,Fem
Oldaíra,Fem
Olga,Fem
Olinda,Fem
Olímpia,Fem
Olívia,Fem
Oneida,Fem
Oneide,Fem
Onélia,Fem
Opelia,Fem
Oriana,Fem
Oricema,Fem
Orquídea,Fem
Ortígia,Fem
Oscarina,Fem
Osnia,Fem
Otacília,Fem
Otinga,Fem
Otávia,Fem
Otília,Fem
Owena,Fem
Oxana,Fem
Paige,Fem
Pakelekia,Fem
Paki,Fem
Palakika,Fem
Palakine,Fem
Palani,Fem
Palapala,Fem
Palapi,Fem
Pallas,Fem
Palma,Fem
Palmira,Fem
Paloma,Fem
Pamela,Fem
Pamplona,Fem
Panda,Fem
Pandora,Fem
Pane,Fem
Paneki,Fem
Pantéia,Fem
Paola,Fem
Patience,Fem
Patrícia,Fem
Paula,Fem
Paulete,Fem
Paulina,Fem
Pauline,Fem
Pavuna,Fem
Peakalika,Fem
Pearl,Fem
Pecúnia,Fem
Peddy,Fem
Pedrina,Fem
Peggy,Fem
Pei,Fem
Peike,Fem
Pelena,Fem
Pelike,Fem
Penélope,Fem
Pepita,Fem
Perdida,Fem
Perdita,Fem
Perla,Fem
Perpétua,Fem
Perséia,Fem
Petra,Fem
Petrônia,Fem
Peônia,Fem
Piera,Fem
Pierina,Fem
Pietra,Fem
Pilar,Fem
Pina,Fem
Placídia,Fem
Plácida,Fem
Pocema,Fem
Poguira,Fem
Poliana,Fem
Policasta,Fem
Policena,Fem
Polikia,Fem
Polixene,Fem
Pololena,Fem
Pololika,Fem
Polímela,Fem
Polínea,Fem
Pomona,Fem
Pompéia,Fem
Poppy,Fem
Poranga,Fem
Porchat,Fem
Porcina,Fem
Potira,Fem
Preciosa,Fem
Priscila,Fem
Pércia,Fem
Pérola,Fem
Quandt,Fem
Quaraciama,Fem
Queiroga,Fem
Queli,Fem
Quelidônia,Fem
Querubim,Fem
Quimera,Fem
Quinci,Fem
Quintela,Fem
Quintéria,Fem
Quirina,Fem
Quiroga,Fem
Quiron,Fem
Quirá,Fem
Quitéria,Fem
Quíone,Fem
Rachel,Fem
Rachelle,Fem
Radmila,Fem
Rafaela,Fem
Rahyssa,Fem
Raimunda,Fem
Raissa,Fem
Ramona,Fem
Ranilda,Fem
Ranya,Fem
Raquel,Fem
Raria,Fem
Raruama,Fem
Raschele,Fem
Rashne,Fem
Rayane,Fem
Raíra,Fem
Raísa,Fem
Rebeca,Fem
Rebekah,Fem
Redenta,Fem
Regina,Fem
Renata,Fem
Renita,Fem
Rhode,Fem
Ricarda,Fem
Rina,Fem
Risa,Fem
Rita,Fem
Rivadávia,Fem
Roama,Fem
Roaslie,Fem
Roberta,Fem
Rocema,Fem
Rochelle,Fem
Rogata,Fem
Rogéria,Fem
Rolanda,Fem
Romana,Fem
Romilda,Fem
Roquira,Fem
Roriza,Fem
Rosa,Fem
Rosalba,Fem
Rosalie,Fem
Rosamaria,Fem
Rosana,Fem
Rosaura,Fem
Rose,Fem
Roseane,Fem
Roseli,Fem
Roselinde,Fem
Rosely,Fem
Rosemarie,Fem
Rosemary,Fem
Rosemeire,Fem
Rosete,Fem
Rosilene,Fem
Rosimeri,Fem
Rosina,Fem
Rosinha,Fem
Rosita,Fem
Rosivalda,Fem
Rosália,Fem
Rosária,Fem
Rosângela,Fem
Rowena,Fem
Rozala,Fem
Rozália,Fem
Ruana,Fem
Rubi,Fem
Rudi,Fem
Rurina,Fem
Rute,Fem
Ruth,Fem
Régia,Fem
Rúbia,Fem
Sabrina,Fem
Safira,Fem
Samanta,Fem
Samantha,Fem
Samara,Fem
Samira,Fem
Sandra,Fem
Sara,Fem
Sarah,Fem
Sebastiana,Fem
Selma,Fem
Semira,Fem
Semíramis,Fem
Serafina,Fem
Seraome,Fem
Sheila,Fem
Shira,Fem
Shirlei,Fem
Shirley,Fem
Sibil,Fem
Sibila,Fem
Sibyl,Fem
Sicupira,Fem
Sidéria,Fem
Sigfrid,Fem
Sigmara,Fem
Sigrid,Fem
Sila,Fem
Silena,Fem
Silvana,Fem
Simone,Fem
Simplícia,Fem
Singrid,Fem
Sinésia,Fem
Siomara,Fem
Sirena,Fem
Sirene,Fem
Sita,Fem
Siv,Fem
Socorro,Fem
Sofia,Fem
Solange,Fem
Somína,Fem
Sonal,Fem
Sonja,Fem
Sonya,Fem
Sophia,Fem
Sophie,Fem
Soraia,Fem
Soraya,Fem
Stela,Fem
Stephanie,Fem
Sucena,Fem
Sucupira,Fem
Suelen,Fem
Sueli,Fem
Suellen,Fem
Suely,Fem
Sulamita,Fem
Suriel,Fem
Susana,Fem
Susanae,Fem
Susanne,Fem
Susete,Fem
Susie,Fem
Suzana,Fem
Suzie,Fem
Suzy,Fem
Sílvia,Fem
Sílvya,Fem
Sônia,Fem
Tabacema,Fem
Tabira,Fem
Tabita,Fem
Tabitha,Fem
Taci,Fem
Taciatã,Fem
Tacicema,Fem
Taciquara,Fem
Tacira,Fem
Tadéia,Fem
Taiane,Fem
Tainara,Fem
Tainaçã,Fem
Tainá,Fem
Talassa,Fem
Talita,Fem
Taléia,Fem
Tamires,Fem
Tamiris,Fem
Tammy,Fem
Tarsila,Fem
Tatiana,Fem
Tayla,Fem
Taía,Fem
Taígete,Fem
Taís,Fem
Teanira,Fem
Telma,Fem
Teodolinda,Fem
Teodora,Fem
Teolinda,Fem
Teresa,Fem
Tereza,Fem
Terezinha,Fem
Tersa,Fem
Teçarema,Fem
Thainá,Fem
Thais,Fem
Thalassa,Fem
Thalia,Fem
Thamires,Fem
Thamiris,Fem
Thara,Fem
Thatiana,Fem
Thaís,Fem
Ticiana,Fem
Tilexine,Fem
Timandra,Fem
Tirsa,Fem
Tolinda,Fem
Tolosa,Fem
Tomásia,Fem
Turmalina,Fem
Tábata,Fem
Tália,Fem
Tâmara,Fem
Tânia,Fem
Téia,Fem
Tércia,Fem
Tônia,Fem
Túlia,Fem
Uaiana,Fem
Uaná,Fem
Uauiarará,Fem
Ubana,Fem
Ubiracema,Fem
Ubiraci,Fem
Uda,Fem
Uiara,Fem
Umarama,Fem
Unígena,Fem
Urbi,Fem
Uriel,Fem
Vacuna,Fem
Valda,Fem
Valentina,Fem
Valesca,Fem
Valia,Fem
Valquíria,Fem
Valéria,Fem
Valência,Fem
Valônia,Fem
Vanda,Fem
Vanessa,Fem
Vanusa,Fem
Vasti,Fem
Vaughan,Fem
Velma,Fem
Veneranda,Fem
Venília,Fem
Vera,Fem
Verena,Fem
Vergínia,Fem
Veridiana,Fem
Verônica,Fem
Viana,Fem
Victória,Fem
Vidya,Fem
Vilma,Fem
Vinciana,Fem
Vinola,Fem
Violeta,Fem
Virgília,Fem
Virgínia,Fem
Viridiana,Fem
Virna,Fem
Vismara,Fem
Vita,Fem
Vitalina,Fem
Vitória,Fem
Vivian,Fem
Viviana,Fem
Viviane,Fem
Vivá,Fem
Vyviane,Fem
Vânia,Fem
Vítula,Fem
Wade,Fem
Waioleka,Fem
Walda,Fem
Walelia,Fem
Walesca,Fem
Wana,Fem
Wanda,Fem
Warda,Fem
Welama,Fem
Wenceslas,Fem
Whitney,Fem
Wiki,Fem
Wikolia,Fem
Wilda,Fem
Wilhelmina,Fem
Wilikilia,Fem
Wilma,Fem
Wilmara,Fem
Wilá,Fem
Winifreda,Fem
Wismara,Fem
Wladis,Fem
Wânia,Fem
Xavantina,Fem
Xaviera,Fem
Xena,Fem
Xenika,Fem
Xerazade,Fem
Ximena,Fem
Xuan,Fem
Xuxa,Fem
Xênia,Fem
Yanni,Fem
Yannis,Fem
Yara,Fem
Yarin,Fem
Yarmilla,Fem
Yasmin,Fem
Yasu,Fem
Yeda,Fem
Yelena,Fem
Yeva,Fem
Ynes,Fem
Yoko,Fem
Yolanda,Fem
Yone,Fem
Yoná,Fem
Yula,Fem
Yvone,Fem
Yvonne,Fem
Zada,Fem
Zafira,Fem
Zahara,Fem
Zahirah,Fem
Zahra,Fem
Zaida,Fem
Zaide,Fem
Zaila,Fem
Zaina,Fem
Zakia,Fem
Zalika,Fem
Zamira,Fem
Zandone,Fem
Zandra,Fem
Zara,Fem
Zarah,Fem
Zarifa,Fem
Zarina,Fem
Zaynab,Fem
Zaíra,Fem
Zea,Fem
Zebulon,Fem
Zehava,Fem
Zeinab,Fem
Zelda,Fem
Zelenka,Fem
Zelfa,Fem
Zelina,Fem
Zelinda,Fem
Zelmira,Fem
Zemina,Fem
Zena,Fem
Zenaide,Fem
Zene,Fem
Zenilda,Fem
Zenóbia,Fem
Zerlinda,Fem
Zilda,Fem
Zilema,Fem
Zilena,Fem
Zilá,Fem
Zinara,Fem
Zora,Fem
Zorah,Fem
Zoraide,Fem
Zorana,Fem
Zoé,Fem
Zuleica,Fem
Zulma,Fem
Zulmira,Fem
Zânia,Fem
Zélia,Fem
Zênia,Fem
Zóilo,Fem
Zózima,Fem
Ádila,Fem
Ágata,Fem
Ágda,Fem
Águeda,Fem
Ápia,Fem
Áquila,Fem
Ártemis,Fem
Ástora,Fem
Átala,Fem
Ângela,Fem
Ânima,Fem
Édnie,Fem
Élida,Fem
Érica,Fem
Érika,Fem
Éryca,Fem
Ésia,Fem
Íria,Fem
Íris,Fem
Úlima,Fem
Úrsula,Fem